support,itemsets
0.11318034362609636,frozenset({'WHITE HANGING HEART T-LIGHT HOLDER'})
0.018502943650126155,frozenset({'KNITTED UNION FLAG HOT WATER BOTTLE'})
0.01820257118827346,frozenset({'RED WOOLLY HOTTIE WHITE HEART.'})
0.015499219031599183,frozenset({'SET 7 BABUSHKA NESTING BOXES'})
0.013757058752853539,frozenset({'WHITE METAL LANTERN'})
0.01351676078337138,frozenset({'CREAM CUPID HEARTS COAT HANGER'})
0.026312627658296287,frozenset({'HAND WARMER UNION JACK'})
0.07809684008170131,frozenset({'ASSORTED COLOUR BIRD ORNAMENT'})
0.03982938844166767,frozenset({'HOME BUILDING BLOCK WORD'})
0.03207977892586807,frozenset({'LOVE BUILDING BLOCK WORD'})
0.029917097200528656,frozenset({'DOORMAT NEW ENGLAND'})
0.021987264207617447,frozenset({'FELTCRAFT PRINCESS CHARLOTTE DOLL'})
0.017301453802715368,"frozenset({""POPPY'S PLAYHOUSE KITCHEN""})"
0.015619368016340262,"frozenset({""POPPY'S PLAYHOUSE BEDROOM ""})"
0.012195121951219513,frozenset({'BOX OF VINTAGE ALPHABET BLOCKS'})
0.01129400456566142,frozenset({'BOX OF VINTAGE JIGSAW BLOCKS '})
0.04511594377027514,frozenset({'JAM MAKING SET WITH JARS'})
0.01345668629100084,frozenset({'BATH BUILDING BLOCK WORD'})
0.0567703952901598,"frozenset({""PAPER CHAIN KIT 50'S CHRISTMAS ""})"
0.051303616484440706,frozenset({'WOODEN PICTURE FRAME WHITE FINISH'})
0.04709840201850295,frozenset({'WOODEN FRAME ANTIQUE WHITE '})
0.030097320677640274,frozenset({'WOOD 2 DRAWER CABINET WHITE FINISH'})
0.021867115222876366,frozenset({'WOOD S/3 CABINET ANT WHITE FINISH'})
0.014838399615523249,frozenset({'SAVE THE PLANET MUG'})
0.013036164844407064,frozenset({'EDWARDIAN PARASOL RED'})
0.03856782410188634,frozenset({'RED HANGING HEART T-LIGHT HOLDER'})
0.0293764267691938,frozenset({'HOT WATER BOTTLE TEA AND SYMPATHY'})
0.0672834314550042,frozenset({'LUNCH BAG RED RETROSPOT'})
0.05070287156073531,frozenset({'PACK OF 72 RETROSPOT CAKE CASES'})
0.04878048780487805,frozenset({'JUMBO BAG PINK POLKADOT'})
0.043253634506788416,frozenset({'JUMBO STORAGE BAG SUKI'})
0.03760663222395771,frozenset({'JUMBO  BAG BAROQUE BLACK WHITE'})
0.03544395049861829,frozenset({'PACK OF 60 PINK PAISLEY CAKE CASES'})
0.035263727021506666,frozenset({'60 TEATIME FAIRY CAKE CASES'})
0.03322119428090833,frozenset({'JUMBO BAG PINK VINTAGE PAISLEY'})
0.028535383876006248,frozenset({'PACK OF 60 DINOSAUR CAKE CASES'})
0.026613000120148986,frozenset({'STRAWBERRY CHARLOTTE BAG'})
0.01820257118827346,frozenset({'STRAWBERRY LUNCH BOX WITH CUTLERY'})
0.013036164844407064,frozenset({'SET/6 RED SPOTTY PAPER PLATES'})
0.012555568905442748,frozenset({'LUNCH BOX WITH CUTLERY RETROSPOT '})
0.043313708999158956,frozenset({'JAM MAKING SET PRINTED'})
0.04499579478553406,frozenset({'JUMBO SHOPPER VINTAGE RED PAISLEY'})
0.041090952781448996,frozenset({'RETROSPOT TEA SET CERAMIC 11 PC '})
0.03796707917818094,frozenset({'GIN + TONIC DIET METAL SIGN'})
0.03412231166646642,frozenset({'COOK WITH WINE METAL SIGN '})
0.02505106331851496,frozenset({'PAPER CHAIN KIT RETROSPOT'})
0.02150666826865313,frozenset({'DOORMAT FANCY FONT HOME SWEET HOME'})
0.020185029436501262,frozenset({'RED TOADSTOOL LED NIGHT LIGHT'})
0.019764507989907486,frozenset({'EDWARDIAN PARASOL NATURAL'})
0.019404061035684247,"frozenset({""YOU'RE CONFUSING ME METAL SIGN ""})"
0.01808242220353238,frozenset({'CLEAR DRAWER KNOB ACRYLIC EDWARDIAN'})
0.016400336417157275,frozenset({'RETROSPOT LARGE MILK JUG'})
0.015198846569746486,frozenset({'WHITE SPOT RED CERAMIC DRAWER KNOB'})
0.014898474107893788,frozenset({'CERAMIC STRAWBERRY CAKE MONEY BANK'})
0.013757058752853539,frozenset({'EDWARDIAN PARASOL BLACK'})
0.012795866874924906,frozenset({'PIGGY BANK RETROSPOT '})
0.01015258921062117,frozenset({'ZINC WILLIE WINKIE  CANDLE STICK'})
0.01003244022588009,frozenset({'CERAMIC CHERRY CAKE MONEY BANK'})
0.04145139973567223,frozenset({'ALARM CLOCK BAKELIKE GREEN'})
0.022347711161840682,frozenset({'RECYCLING BAG RETROSPOT '})
0.016099963955304577,frozenset({'TOY TIDY PINK POLKADOT'})
0.014417878168929473,frozenset({'VINTAGE SNAKES & LADDERS'})
0.010873483119067644,frozenset({'ANTIQUE GLASS DRESSING TABLE POT'})
0.010452961672473868,frozenset({'IVORY GIANT GARDEN THERMOMETER'})
0.056349873843566024,frozenset({'NATURAL SLATE HEART CHALKBOARD '})
0.05574912891986063,frozenset({'HEART OF WICKER SMALL'})
0.04751892346509672,frozenset({'HEART OF WICKER LARGE'})
0.034422684128319114,frozenset({'WOOD BLACK BOARD ANT WHITE FINISH'})
0.03063799110897513,frozenset({'COLOUR GLASS T-LIGHT HOLDER HANGING'})
0.02601225519644359,frozenset({'CREAM HEART CARD HOLDER'})
0.0248107653490328,frozenset({'ENAMEL FLOWER JUG CREAM'})
0.018803316111978854,frozenset({'ENAMEL BREAD BIN CREAM'})
0.016160038447675117,frozenset({'HANGING METAL HEART LANTERN'})
0.014297729184188394,frozenset({'CLASSIC METAL BIRDCAGE PLANT HOLDER'})
0.031118587047939444,frozenset({'LUNCH BAG DOLLY GIRL DESIGN'})
0.017481677279826986,frozenset({'JUMBO BAG DOLLY GIRL DESIGN'})
0.015198846569746486,frozenset({'TRADITIONAL CHRISTMAS RIBBONS'})
0.08692779046017061,frozenset({'JUMBO BAG RED RETROSPOT'})
0.03051784212423405,frozenset({'CHILLI LIGHTS'})
0.027814489967559773,frozenset({'HOMEMADE JAM SCENTED CANDLES'})
0.010092514718250631,frozenset({'GINGHAM HEART  DOORSTOP RED'})
0.04067043133485522,frozenset({'PAPER CHAIN KIT VINTAGE CHRISTMAS'})
0.03532380151387721,frozenset({'SET/20 RED RETROSPOT PAPER NAPKINS '})
0.028955905322600024,frozenset({'RETROSPOT HEART HOT WATER BOTTLE'})
0.023489126516880933,frozenset({'HANGING HEART ZINC T-LIGHT HOLDER'})
0.021807040730505826,frozenset({'SMALL POPCORN HOLDER'})
0.015258921062117025,frozenset({'ENGLISH ROSE HOT WATER BOTTLE'})
0.013817133245224078,frozenset({'CHRISTMAS LIGHTS 10 REINDEER'})
0.011534302535143579,frozenset({'DELUXE SEWING KIT '})
0.010873483119067644,frozenset({'JAM JAR WITH PINK LID'})
0.010693259641956025,frozenset({'SET/6 RED SPOTTY PAPER CUPS'})
0.010513036164844407,frozenset({'DISCO BALL CHRISTMAS DECORATION'})
0.010092514718250631,frozenset({'JAM JAR WITH GREEN LID'})
0.02475069085666226,frozenset({'WOODEN BOX OF DOMINOES'})
0.022407785654211223,frozenset({'3 STRIPEY MICE FELTCRAFT'})
0.018382794665385078,frozenset({'TRADITIONAL WOODEN SKIPPING ROPE'})
0.017601826264568063,frozenset({'SET OF 6 SOLDIER SKITTLES'})
0.013276462813889223,frozenset({'PICNIC BASKET WICKER SMALL'})
0.03490328006728343,frozenset({'HAND OVER THE CHOCOLATE   SIGN '})
0.03352156674276102,frozenset({'CLOTHES PEGS RETROSPOT PACK 24 '})
0.03292082181905563,frozenset({'HAND WARMER OWL DESIGN'})
0.027634266490448155,frozenset({'HAND WARMER SCOTTY DOG DESIGN'})
0.02042532740598342,frozenset({'TRAVEL SEWING KIT'})
0.019584284512795865,frozenset({'HAND WARMER RED RETROSPOT'})
0.013937282229965157,"frozenset({'FANCY FONT BIRTHDAY CARD, '})"
0.04553646521686892,frozenset({'ALARM CLOCK BAKELIKE RED '})
0.027574191998077615,frozenset({'HAND WARMER BIRD DESIGN'})
0.025471584765108735,frozenset({'ALARM CLOCK BAKELIKE IVORY'})
0.019884656974648564,frozenset({'SMALL GLASS HEART TRINKET POT'})
0.018803316111978854,frozenset({'ALARM CLOCK BAKELIKE ORANGE'})
0.015499219031599183,frozenset({'CHICK GREY HOT WATER BOTTLE'})
0.03982938844166767,frozenset({'CHOCOLATE HOT WATER BOTTLE'})
0.03718611077736393,frozenset({'SCOTTIE DOG HOT WATER BOTTLE'})
0.029015979814970564,frozenset({'HOT WATER BOTTLE I AM SO POORLY'})
0.026552925627778445,frozenset({'STRAWBERRY CERAMIC TRINKET BOX'})
0.02156674276102367,frozenset({'WHITE SKULL HOT WATER BOTTLE '})
0.012735792382554368,frozenset({'DOORMAT FAIRY CAKE'})
0.01249549441307221,frozenset({'PACK OF 12 RED RETROSPOT TISSUES '})
0.05244503183948095,frozenset({'LUNCH BAG SPACEBOY DESIGN '})
0.05094316953021747,frozenset({'LUNCH BAG PINK POLKADOT'})
0.0404902078577436,frozenset({'LUNCH BAG WOODLAND'})
0.027814489967559773,frozenset({'GUMBALL COAT RACK'})
0.025651808242220353,frozenset({'PHOTO FRAME CORNICE'})
0.022287636669470142,frozenset({'BATHROOM METAL SIGN'})
0.021086146822059355,frozenset({'LADIES & GENTLEMEN METAL SIGN'})
0.019043614081461012,frozenset({'CANDLEHOLDER PINK HANGING HEART'})
0.01892346509671993,"frozenset({""I'M ON HOLIDAY METAL SIGN""})"
0.018863390604349394,frozenset({'METAL SIGN TAKE IT OR LEAVE IT '})
0.017721975249309144,frozenset({'SCANDINAVIAN REDS RIBBONS'})
0.017601826264568063,frozenset({'ASSORTED COLOUR MINI CASES'})
0.017601826264568063,frozenset({'TOILET METAL SIGN'})
0.015619368016340262,frozenset({'SET 20 NAPKINS FAIRY CAKES DESIGN '})
0.014477952661300012,frozenset({'SET/10 PINK POLKADOT PARTY CANDLES'})
0.014177580199447315,frozenset({'JAZZ HEARTS PURSE NOTEBOOK'})
0.013156313829148144,frozenset({'FAMILY PHOTO FRAME CORNICE'})
0.013036164844407064,frozenset({'KITCHEN METAL SIGN'})
0.012195121951219513,frozenset({'PICTURE DOMINOES'})
0.012135047458848972,frozenset({'RETROSPOT CIGAR BOX MATCHES '})
0.011534302535143579,frozenset({'TRIPLE PHOTO FRAME CORNICE '})
0.01033281268773279,frozenset({'BALLOONS  WRITING SET '})
0.010272738195362249,frozenset({'SET OF 9 HEART SHAPED BALLOONS'})
0.05983419440105731,frozenset({'LUNCH BAG  BLACK SKULL.'})
0.05298570227081581,frozenset({'LUNCH BAG CARS BLUE'})
0.02823501141415355,frozenset({'SET OF 3 HEART COOKIE CUTTERS'})
0.02691337258200168,frozenset({'SET OF 3 BUTTERFLY COOKIE CUTTERS'})
0.026673074612519523,frozenset({'72 SWEETHEART FAIRY CAKE CASES'})
0.026552925627778445,frozenset({'PACK OF 72 SKULL CAKE CASES'})
0.019944731467019104,frozenset({'PACK OF 60 SPACEBOY CAKE CASES'})
0.0156794425087108,frozenset({'HEART IVORY TRELLIS LARGE'})
0.014477952661300012,frozenset({'3 PIECE SPACEBOY COOKIE CUTTER SET'})
0.012916015859665985,frozenset({'HEART IVORY TRELLIS SMALL'})
0.011774600504625737,frozenset({'CHOCOLATE BOX RIBBONS '})
0.010873483119067644,frozenset({'ROMANTIC PINKS RIBBONS '})
0.04217229364411871,frozenset({'SET/5 RED RETROSPOT LID GLASS BOWLS'})
0.04709840201850295,frozenset({'VICTORIAN GLASS HANGING T-LIGHT'})
0.03021746966238135,frozenset({'DOORMAT RED RETROSPOT'})
0.027514117505707078,frozenset({'RED  HARMONICA IN BOX '})
0.027093596059113302,frozenset({'DOORMAT HEARTS'})
0.02583203171933197,frozenset({'BLUE HARMONICA IN BOX '})
0.022347711161840682,frozenset({'PLASTERS IN TIN SKULLS'})
0.021086146822059355,frozenset({'SET OF 20 KIDS COOKIE CUTTERS'})
0.018863390604349394,frozenset({'SINGLE HEART ZINC T-LIGHT HOLDER'})
0.018322720173014537,frozenset({'LOVEBIRD HANGING DECORATION WHITE '})
0.018022347711161842,frozenset({'NATURAL SLATE RECTANGLE CHALKBOARD'})
0.017181304817974287,frozenset({'ROTATING SILVER ANGELS T-LIGHT HLDR'})
0.01700108134086267,frozenset({'SET OF 72 RETROSPOT PAPER  DOILIES'})
0.01682085786375105,frozenset({'4 TRADITIONAL SPINNING TOPS'})
0.01465817613841163,frozenset({'SILVER HANGING T-LIGHT HOLDER'})
0.014598101646041091,frozenset({'RED RETROSPOT UMBRELLA'})
0.013696984260482999,frozenset({'AIRLINE BAG VINTAGE TOKYO 78'})
0.013276462813889223,frozenset({'MINI PAINT SET VINTAGE '})
0.012555568905442748,frozenset({'BLACK/BLUE POLKADOT UMBRELLA'})
0.01249549441307221,frozenset({'12 PENCILS TALL TUBE SKULLS'})
0.012014898474107893,frozenset({'10 COLOUR SPACEBOY PEN'})
0.03736633425447555,frozenset({'JUMBO BAG STRAWBERRY'})
0.02372942448636309,frozenset({'FELTCRAFT CUSHION OWL'})
0.022287636669470142,frozenset({'JUMBO BAG OWLS'})
0.016160038447675117,frozenset({'AGED GLASS SILVER T-LIGHT HOLDER'})
0.012675717890183827,frozenset({'STRAWBERRY SHOPPER BAG'})
0.010633185149585486,frozenset({' SET 2 TEA TOWELS I LOVE LONDON '})
0.05106331851495855,frozenset({'REX CASH+CARRY JUMBO SHOPPER'})
0.03772678120869879,frozenset({'6 RIBBONS RUSTIC CHARM'})
0.030397693139492973,frozenset({'SPACEBOY LUNCH BOX '})
0.02805478793704193,frozenset({'DOLLY GIRL LUNCH BOX'})
0.023128679562657694,frozenset({'CHRISTMAS CRAFT LITTLE FRIENDS'})
0.01934398654331371,frozenset({'CHRISTMAS CRAFT TREE TOP ANGEL'})
0.019043614081461012,frozenset({'SOLDIERS EGG CUP '})
0.018442869157755618,frozenset({'FELTCRAFT CUSHION RABBIT'})
0.017721975249309144,frozenset({'ROUND SNACK BOXES SET OF4 WOODLAND '})
0.016700708879009974,frozenset({'SET OF 3 NOTEBOOKS IN PARCEL'})
0.016520485401898353,frozenset({'FELTCRAFT CUSHION BUTTERFLY'})
0.016460410909527816,frozenset({'ROUND SNACK BOXES SET OF 4 FRUITS '})
0.016160038447675117,frozenset({'FELTCRAFT CHRISTMAS FAIRY'})
0.015499219031599183,frozenset({'FELTCRAFT DOLL MOLLY'})
0.013336537306259761,frozenset({'FELTCRAFT PRINCESS OLIVIA DOLL'})
0.013276462813889223,frozenset({'FELTCRAFT DOLL ROSIE'})
0.013216388321518684,frozenset({'RED RETROSPOT MINI CASES'})
0.012615643397813289,frozenset({'FELTCRAFT DOLL EMILY'})
0.0407905803195963,frozenset({'VINTAGE SNAP CARDS'})
0.02703352156674276,frozenset({'SET OF 20 VINTAGE CHRISTMAS NAPKINS'})
0.02607232968881413,frozenset({'FELTCRAFT 6 FLOWER FRIENDS'})
0.02589210621170251,frozenset({'VINTAGE HEADS AND TAILS CARD GAME '})
0.025771957226961434,frozenset({'60 CAKE CASES VINTAGE CHRISTMAS'})
0.025111137810885496,frozenset({'FELTCRAFT BUTTERFLY HEARTS'})
0.024450318394809562,frozenset({'PLASTERS IN TIN VINTAGE PAISLEY '})
0.024270094917697944,frozenset({'PLASTERS IN TIN SPACEBOY'})
0.0225279346389523,frozenset({'PLASTERS IN TIN WOODLAND ANIMALS'})
0.022107413192358524,frozenset({'CHILDRENS APRON SPACEBOY DESIGN'})
0.02174696623813529,frozenset({'PACK OF 12 LONDON TISSUES '})
0.02006488045176018,frozenset({'FELTCRAFT PRINCESS LOLA DOLL'})
0.01784212423405022,frozenset({'WICKER STAR '})
0.017601826264568063,frozenset({'60 CAKE CASES DOLLY GIRL DESIGN'})
0.016520485401898353,frozenset({'HAND WARMER BABUSHKA DESIGN'})
0.014297729184188394,frozenset({'SET 12 RETRO WHITE CHALK STICKS'})
0.01237534542833113,frozenset({'PACK OF 60 MUSHROOM CAKE CASES'})
0.012135047458848972,"frozenset({""CHILDREN'S APRON DOLLY GIRL ""})"
0.010693259641956025,frozenset({'RIBBON REEL CHRISTMAS SOCK BAUBLE'})
0.01021266370299171,frozenset({'MAGIC DRAWING SLATE SPACEBOY '})
0.028955905322600024,frozenset({'GREY HEART HOT WATER BOTTLE'})
0.016039889462934036,frozenset({'TRADITIONAL WOODEN CATCH CUP GAME '})
0.010693259641956025,frozenset({'METAL SIGN EMPIRE TEA'})
0.017721975249309144,frozenset({'FAWN BLUE HOT WATER BOTTLE'})
0.016520485401898353,frozenset({'PACK OF 6 BIRDY GIFT TAGS'})
0.01345668629100084,frozenset({'DOORSTOP RETROSPOT HEART'})
0.013276462813889223,frozenset({'CERAMIC HEART FAIRY CAKE MONEY BANK'})
0.012855941367295447,frozenset({'RED RETROSPOT OVEN GLOVE '})
0.027634266490448155,frozenset({'ZINC METAL HEART DECORATION'})
0.01814249669590292,frozenset({'CHRISTMAS CRAFT WHITE FAIRY '})
0.014417878168929473,frozenset({'HEART FILIGREE DOVE  SMALL'})
0.01351676078337138,frozenset({'RETROSPOT CHILDRENS APRON'})
0.01243541992070167,frozenset({'COLOURING PENCILS BROWN TUBE'})
0.015379070046858104,frozenset({'SET/10 RED POLKADOT PARTY CANDLES'})
0.013156313829148144,frozenset({'VICTORIAN SEWING BOX SMALL '})
0.011474228042773038,frozenset({'FRENCH WC SIGN BLUE METAL'})
0.01712123032560375,frozenset({'WASHROOM METAL SIGN'})
0.02613240418118467,frozenset({'WOODEN HEART CHRISTMAS SCANDINAVIAN'})
0.020545476390724498,frozenset({'PACK OF 12 HEARTS DESIGN TISSUES '})
0.018683167127237776,frozenset({'RIBBON REEL STRIPES DESIGN '})
0.01249549441307221,frozenset({'HEART FILIGREE DOVE LARGE'})
0.011474228042773038,frozenset({'RETROSPOT PARTY BAG + STICKER SET'})
0.011173855580920341,frozenset({'VINTAGE PAISLEY STATIONERY SET'})
0.010452961672473868,frozenset({'SET/10 BLUE POLKADOT PARTY CANDLES'})
0.01015258921062117,frozenset({'RIBBON REEL CHRISTMAS PRESENT '})
0.010092514718250631,frozenset({'DOORMAT BLACK FLOCK '})
0.08470503424246065,frozenset({'REGENCY CAKESTAND 3 TIER'})
0.017721975249309144,frozenset({'BLACK RECORD COVER FRAME'})
0.0114141535504025,"frozenset({'RECORD FRAME 7"" SINGLE SIZE '})"
0.010813408626697104,frozenset({'36 PENCILS TUBE RED RETROSPOT'})
0.022828307100805,frozenset({'VINTAGE UNION JACK BUNTING'})
0.014598101646041091,frozenset({'PAPER BUNTING WHITE LACE'})
0.018743241619608313,frozenset({'CARD BILLBOARD FONT'})
0.011053706596179262,frozenset({'SET/2 RED RETROSPOT TEA TOWELS '})
0.010513036164844407,frozenset({'SET OF 2 TEA TOWELS APPLE AND PEARS'})
0.014477952661300012,frozenset({'LANTERN CREAM GAZEBO '})
0.016520485401898353,frozenset({'ANTIQUE SILVER TEA GLASS ENGRAVED'})
0.02703352156674276,frozenset({'JUMBO STORAGE BAG SKULLS'})
0.016400336417157275,frozenset({'PLACE SETTING WHITE HEART'})
0.014477952661300012,frozenset({'PICNIC BASKET WICKER LARGE'})
0.012976090352036526,frozenset({'RETROSPOT RED WASHING UP GLOVES'})
0.012555568905442748,frozenset({'CALENDAR PAPER CUT DESIGN'})
0.011053706596179262,frozenset({'HERB MARKER MINT'})
0.010873483119067644,frozenset({'HERB MARKER ROSEMARY'})
0.010753334134326565,frozenset({'HERB MARKER THYME'})
0.010753334134326565,frozenset({'HERB MARKER BASIL'})
0.010693259641956025,frozenset({'HERB MARKER PARSLEY'})
0.010693259641956025,frozenset({'SMALL RED BABUSHKA NOTEBOOK '})
0.010633185149585486,frozenset({'12 MESSAGE CARDS WITH ENVELOPES'})
0.030758140093716208,frozenset({'PINK CREAM FELT CRAFT TRINKET BOX '})
0.02715367055148384,frozenset({'PACK OF 20 NAPKINS PANTRY DESIGN'})
0.018382794665385078,frozenset({'SWEETHEART CAKESTAND 3 TIER'})
0.01021266370299171,frozenset({'CHRISTMAS HANGING STAR WITH BELL'})
0.04073050582722576,frozenset({'ROSES REGENCY TEACUP AND SAUCER '})
0.010092514718250631,frozenset({'HANGING HEART MIRROR DECORATION '})
0.036765589330770156,frozenset({'GREEN REGENCY TEACUP AND SAUCER'})
0.01820257118827346,frozenset({'ENAMEL MEASURING JUG CREAM'})
0.016400336417157275,frozenset({'12 PENCILS SMALL TUBE SKULL'})
0.014958548600264328,frozenset({'12 PENCIL SMALL TUBE WOODLAND'})
0.010092514718250631,frozenset({'HEADS AND TAILS SPORTING FUN'})
0.03081821458608675,frozenset({'IVORY KITCHEN SCALES'})
0.02144659377628259,frozenset({'RED KITCHEN SCALES'})
0.01898353958909047,frozenset({'METAL 4 HOOK HANGER FRENCH CHATEAU'})
0.017301453802715368,frozenset({'WOODEN ROUNDERS GARDEN SET '})
0.020845848852577196,frozenset({'WHITE WOOD GARDEN PLANT LADDER'})
0.01351676078337138,frozenset({'MINT KITCHEN SCALES'})
0.02258800913132284,frozenset({'RED DINER WALL CLOCK'})
0.02144659377628259,frozenset({'IVORY DINER WALL CLOCK'})
0.017721975249309144,frozenset({'BLUE DINER WALL CLOCK'})
0.017721975249309144,frozenset({'RED RETROSPOT WRAP '})
0.013156313829148144,frozenset({'FANCY FONTS BIRTHDAY WRAP'})
0.010272738195362249,frozenset({'GIN & TONIC DIET GREETING CARD '})
0.02036525291361288,frozenset({'RED RETROSPOT CAKE STAND'})
0.02114622131442989,frozenset({'DOORMAT SPOTTY HOME SWEET HOME'})
0.015018623092634867,frozenset({'T-LIGHT GLASS FLUTED ANTIQUE'})
0.0114141535504025,frozenset({'LARGE HEART MEASURING SPOONS'})
0.028835756337858946,frozenset({'DOORMAT UNION FLAG'})
0.01928391205094317,frozenset({'DOORMAT ENGLISH ROSE '})
0.01712123032560375,frozenset({'3 HOOK PHOTO SHELF ANTIQUE WHITE'})
0.01351676078337138,frozenset({'GRAND CHOCOLATECANDLE'})
0.010813408626697104,frozenset({'RED GINGHAM ROSE JEWELLERY BOX'})
0.022047338699987984,frozenset({'JUMBO BAG WOODLAND ANIMALS'})
0.013757058752853539,frozenset({'JUMBO BAG TOYS '})
0.02697344707437222,frozenset({'LUNCH BOX I LOVE LONDON'})
0.019584284512795865,frozenset({'PLASTERS IN TIN STRONGMAN'})
0.01015258921062117,frozenset({'SET 12 KIDS  WHITE CHALK STICKS'})
0.04499579478553406,frozenset({'RECIPE BOX PANTRY YELLOW DESIGN'})
0.023188754055028234,frozenset({'RECIPE BOX RETROSPOT '})
0.015619368016340262,frozenset({'BLUE SPOT CERAMIC DRAWER KNOB'})
0.015619368016340262,frozenset({'SWEETHEART RECIPE BOOK STAND'})
0.014057431214706236,frozenset({'FOUR HOOK  WHITE LOVEBIRDS'})
0.010873483119067644,frozenset({'SUKI  SHOULDER BAG'})
0.010753334134326565,frozenset({'SMALL PURPLE BABUSHKA NOTEBOOK '})
0.010272738195362249,frozenset({'POLYESTER FILLER PAD 40x40cm'})
0.016340261924786735,frozenset({'BREAD BIN DINER STYLE IVORY'})
0.012735792382554368,frozenset({'RECIPE BOX BLUE SKETCHBOOK DESIGN'})
0.011354079058031959,frozenset({'BREAD BIN DINER STYLE RED '})
0.04006968641114982,frozenset({'PLEASE ONE PERSON METAL SIGN'})
0.021086146822059355,frozenset({'SWEETHEART CERAMIC TRINKET BOX'})
0.016880932356121592,frozenset({'RED STRIPE CERAMIC DRAWER KNOB'})
0.014898474107893788,frozenset({'WOODEN TREE CHRISTMAS SCANDINAVIAN'})
0.01351676078337138,frozenset({'Manual'})
0.011774600504625737,frozenset({'15CM CHRISTMAS GLASS BALL 20 LIGHTS'})
0.024089871440586327,frozenset({'WOODEN STAR CHRISTMAS SCANDINAVIAN'})
0.010693259641956025,frozenset({'FINE WICKER HEART '})
0.010633185149585486,frozenset({'PINK HEART SHAPE EGG FRYING PAN'})
0.025651808242220353,frozenset({'PINK BLUE FELT CRAFT TRINKET BOX'})
0.02949657575393488,frozenset({'ALARM CLOCK BAKELIKE PINK'})
0.028895830830229483,frozenset({'GINGERBREAD MAN COOKIE CUTTER'})
0.010272738195362249,frozenset({'COWBOYS AND INDIANS BIRTHDAY CARD '})
0.016520485401898353,frozenset({'ALARM CLOCK BAKELIKE CHOCOLATE'})
0.03051784212423405,frozenset({'CHARLOTTE BAG SUKI DESIGN'})
0.014477952661300012,frozenset({'PACK OF 12 SUKI TISSUES '})
0.012014898474107893,frozenset({'BROCADE RING PURSE '})
0.020124954944130722,frozenset({'PAINTED METAL PEARS ASSORTED'})
0.013817133245224078,frozenset({'SWALLOWS GREETING CARD'})
0.012855941367295447,frozenset({'COLOUR GLASS. STAR T-LIGHT HOLDER'})
0.014898474107893788,frozenset({'BINGO SET'})
0.012135047458848972,frozenset({'RED RETROSPOT CUP'})
0.01003244022588009,frozenset({'36 PENCILS TUBE SKULLS'})
0.016220112940045658,frozenset({'HOME SWEET HOME MUG'})
0.01345668629100084,frozenset({'BAG 125g SWIRLY MARBLES'})
0.012255196443590051,frozenset({'WOODEN HAPPY BIRTHDAY GARLAND'})
0.010693259641956025,frozenset({'BAG 250g SWIRLY MARBLES'})
0.021867115222876366,frozenset({'BAKING SET SPACEBOY DESIGN'})
0.01712123032560375,frozenset({'MULTI COLOUR SILVER T-LIGHT HOLDER'})
0.02144659377628259,frozenset({'PARTY METAL SIGN '})
0.018803316111978854,frozenset({'MEMO BOARD RETROSPOT  DESIGN'})
0.017541751772197526,frozenset({'SPACEBOY BIRTHDAY CARD'})
0.014838399615523249,frozenset({'SET 12 KIDS COLOUR  CHALK STICKS'})
0.012315270935960592,frozenset({'ROBOT BIRTHDAY CARD'})
0.025471584765108735,frozenset({'WORLD WAR 2 GLIDERS ASSTD DESIGNS'})
0.012976090352036526,frozenset({'CHILDRENS APRON APPLES DESIGN'})
0.010813408626697104,frozenset({'ENCHANTED BIRD COATHANGER 5 HOOK'})
0.01922383755857263,frozenset({'PLASTERS IN TIN CIRCUS PARADE '})
0.01712123032560375,frozenset({'12 PENCILS SMALL TUBE RED RETROSPOT'})
0.010513036164844407,frozenset({'3 TRADITIONAl BISCUIT CUTTERS  SET'})
0.02114622131442989,frozenset({'WOODEN SCHOOL COLOURING SET'})
0.010813408626697104,frozenset({'PACK OF 12 COLOURED PENCILS'})
0.018803316111978854,frozenset({'BLUE STRIPE CERAMIC DRAWER KNOB'})
0.014477952661300012,frozenset({'RED SPOT CERAMIC DRAWER KNOB'})
0.014477952661300012,frozenset({'WHITE SPOT BLUE CERAMIC DRAWER KNOB'})
0.013997356722335695,frozenset({'WATERING CAN BLUE ELEPHANT'})
0.011173855580920341,frozenset({'TEA PARTY BIRTHDAY CARD'})
0.011053706596179262,frozenset({'WATERING CAN PINK BUNNY'})
0.01033281268773279,frozenset({'WATERING CAN GREEN DINOSAUR'})
0.012615643397813289,frozenset({'RED RETROSPOT ROUND CAKE TINS'})
0.021867115222876366,frozenset({'AREA PATROLLED METAL SIGN'})
0.014057431214706236,frozenset({'RED RETROSPOT BOWL'})
0.012976090352036526,frozenset({'PICTURE FRAME WOOD TRIPLE PORTRAIT'})
0.013696984260482999,frozenset({'POTTING SHED TEA MUG'})
0.012916015859665985,frozenset({'ROUND CAKE TIN VINTAGE RED'})
0.019944731467019104,frozenset({'BOX OF 24 COCKTAIL PARASOLS'})
0.019043614081461012,frozenset({'TRADITIONAL MODELLING CLAY'})
0.016220112940045658,frozenset({'PACK OF 12 TRADITIONAL CRAYONS'})
0.01357683527574192,frozenset({'SMALL HEART MEASURING SPOONS'})
0.012135047458848972,frozenset({'PEG BAG APPLES DESIGN'})
0.011654451519884658,frozenset({'PHOTO FRAME 3 CLASSIC HANGING'})
0.028775681845488406,frozenset({'PAPER BUNTING RETROSPOT'})
0.018803316111978854,frozenset({'PINK HAPPY BIRTHDAY BUNTING'})
0.01820257118827346,frozenset({'BLUE HAPPY BIRTHDAY BUNTING'})
0.017782049741679684,frozenset({'TEA TIME PARTY BUNTING'})
0.017481677279826986,frozenset({'WOODEN UNION JACK BUNTING'})
0.016099963955304577,frozenset({'SET/3 RED GINGHAM ROSE STORAGE BOX'})
0.01243541992070167,frozenset({'12 PENCILS TALL TUBE RED RETROSPOT'})
0.011354079058031959,frozenset({'WOOD STAMP SET THANK YOU'})
0.011354079058031959,"frozenset({'SET 3 RETROSPOT TEA,COFFEE,SUGAR'})"
0.01003244022588009,frozenset({'FILIGRIS HEART WITH BUTTERFLY'})
0.02487083984140334,frozenset({'JUMBO BAG SPACEBOY DESIGN'})
0.014778325123152709,frozenset({'RED FLORAL FELTCRAFT SHOULDER BAG'})
0.012855941367295447,frozenset({'PINK FLORAL FELTCRAFT SHOULDER BAG'})
0.011954823981737354,frozenset({'IVORY HANGING DECORATION  HEART'})
0.02150666826865313,frozenset({'PINK FAIRY CAKE CHILDRENS APRON'})
0.010092514718250631,frozenset({'PAINT YOUR OWN CANVAS SET'})
0.010813408626697104,frozenset({'BLUE POLKADOT BOWL'})
0.010573110657214946,frozenset({'PINK POLKADOT BOWL'})
0.010813408626697104,frozenset({'ROUND CAKE TIN VINTAGE GREEN'})
0.01237534542833113,frozenset({'MEMO BOARD COTTAGE DESIGN'})
0.011714526012255196,frozenset({'SET OF 36 PAISLEY FLOWER DOILIES'})
0.012555568905442748,"frozenset({""POPPY'S PLAYHOUSE LIVINGROOM ""})"
0.011894749489366814,frozenset({'VINTAGE UNION JACK MEMOBOARD'})
0.01003244022588009,frozenset({'SPACEBOY GIFT WRAP'})
0.015799591493451882,frozenset({'FAMILY ALBUM WHITE PICTURE FRAME'})
0.013937282229965157,"frozenset({'KEY FOB , BACK DOOR '})"
0.010813408626697104,frozenset({'12 PENCILS TALL TUBE WOODLAND'})
0.011894749489366814,frozenset({'GAOLERS KEYS DECORATIVE GARDEN '})
0.019704433497536946,frozenset({'RED RETROSPOT PEG BAG'})
0.036705514838399615,frozenset({'RED RETROSPOT CHARLOTTE BAG'})
0.025171212303256037,frozenset({'CHARLOTTE BAG PINK POLKADOT'})
0.022227562177099605,frozenset({'PAPER CHAIN KIT EMPIRE'})
0.016340261924786735,frozenset({'CHARLOTTE BAG DOLLY GIRL DESIGN'})
0.010272738195362249,frozenset({'TOY TIDY SPACEBOY  '})
0.010873483119067644,frozenset({'PINK POLKADOT WRAP '})
0.01808242220353238,frozenset({'ASSORTED COLOURS SILK FAN'})
0.02042532740598342,frozenset({'RED RETROSPOT SHOPPER BAG'})
0.010573110657214946,frozenset({'RED RETROSPOT BUTTER DISH'})
0.022948456085546076,frozenset({'WOODLAND CHARLOTTE BAG'})
0.017601826264568063,frozenset({'HANGING JAM JAR T-LIGHT HOLDER'})
0.010993632103808723,frozenset({'BLUE POLKADOT WRAP'})
0.011354079058031959,frozenset({'FLORAL FOLK STATIONERY SET'})
0.010813408626697104,frozenset({'MONSTERS STENCIL CRAFT'})
0.0225279346389523,frozenset({'HOT BATHS METAL SIGN'})
0.021987264207617447,frozenset({'POTTERING IN THE SHED METAL SIGN'})
0.02114622131442989,frozenset({'CHOCOLATE THIS WAY METAL SIGN'})
0.01573951700108134,"frozenset({'KEY FOB , SHED'})"
0.014898474107893788,frozenset({'LAUNDRY 15C METAL SIGN'})
0.010813408626697104,frozenset({'GIN AND TONIC MUG'})
0.025231286795626577,frozenset({'CREAM SWEETHEART MINI CHEST'})
0.012976090352036526,frozenset({'WRAP ENGLISH ROSE '})
0.012135047458848972,frozenset({'TEA TIME OVEN GLOVE'})
0.01015258921062117,frozenset({'RED RETROSPOT SUGAR JAM BOWL'})
0.012675717890183827,frozenset({'WOODEN CROQUET GARDEN SET'})
0.028535383876006248,frozenset({'TRADITIONAL KNITTING NANCY'})
0.012255196443590051,frozenset({'VINTAGE CREAM CAT FOOD CONTAINER'})
0.015379070046858104,frozenset({'3 HEARTS HANGING DECORATION RUSTIC'})
0.011954823981737354,frozenset({'SET OF 36 TEATIME PAPER DOILIES'})
0.010933557611438183,frozenset({'SET/20 STRAWBERRY PAPER NAPKINS '})
0.017481677279826986,frozenset({'SCANDINAVIAN PAISLEY PICNIC BAG'})
0.015318995554487565,frozenset({'PINK VINTAGE PAISLEY PICNIC BAG'})
0.012195121951219513,frozenset({'ENGLISH ROSE NOTEBOOK A7 SIZE'})
0.07749609515799591,frozenset({'PARTY BUNTING'})
0.012916015859665985,frozenset({'HOME SWEET HOME METAL SIGN '})
0.022167487684729065,frozenset({'NO SINGING METAL SIGN'})
0.017481677279826986,frozenset({'NATURAL SLATE CHALKBOARD LARGE '})
0.01249549441307221,frozenset({'SKULL LUNCH BOX WITH CUTLERY '})
0.010813408626697104,frozenset({'MAGNETS PACK OF 4 SWALLOWS'})
0.018322720173014537,frozenset({'RED RETROSPOT PICNIC BAG'})
0.010693259641956025,frozenset({'STRAWBERRY   PICNIC BAG'})
0.015439144539228643,frozenset({'SET OF 72 PINK HEART PAPER DOILIES'})
0.013036164844407064,frozenset({'TEA BAG PLATE RED RETROSPOT'})
0.019944731467019104,frozenset({'BEWARE OF THE CAT METAL SIGN '})
0.011714526012255196,frozenset({'POTTERING MUG'})
0.012315270935960592,frozenset({'RIBBON REEL HEARTS DESIGN '})
0.014417878168929473,frozenset({'HAPPY STENCIL CRAFT'})
0.032260002402979694,frozenset({'HANGING HEART JAR T-LIGHT HOLDER'})
0.016099963955304577,frozenset({'VINTAGE CREAM DOG FOOD CONTAINER'})
0.016280187432416195,frozenset({'SMALL MARSHMALLOWS PINK BOWL'})
0.013696984260482999,frozenset({'DOORMAT HOME SWEET HOME BLUE '})
0.013336537306259761,frozenset({'DOORMAT WELCOME PUPPIES'})
0.02066562537546558,frozenset({'SMALL DOLLY MIX DESIGN ORANGE BOWL'})
0.012555568905442748,frozenset({'GROW A FLYTRAP OR SUNFLOWER IN TIN'})
0.013997356722335695,frozenset({'PACK OF 20 NAPKINS RED APPLES'})
0.010753334134326565,frozenset({'JAZZ HEARTS ADDRESS BOOK'})
0.029616724738675958,frozenset({'PINK REGENCY TEACUP AND SAUCER'})
0.012014898474107893,frozenset({'FRENCH ENAMEL CANDLEHOLDER'})
0.016520485401898353,frozenset({'RED RETROSPOT SMALL MILK JUG'})
0.017481677279826986,frozenset({'SET OF 6 RIBBONS VINTAGE CHRISTMAS'})
0.017241379310344827,frozenset({'DOORMAT WELCOME TO OUR HOME'})
0.06049501381713324,frozenset({'SET OF 3 CAKE TINS PANTRY DESIGN '})
0.03580439745284152,frozenset({'SET OF 6 SPICE TINS PANTRY DESIGN'})
0.012916015859665985,frozenset({'SET OF 6 HERB TINS SKETCHBOOK'})
0.01345668629100084,frozenset({'SET OF 3 CAKE TINS SKETCHBOOK'})
0.015258921062117025,frozenset({'LONDON BUS COFFEE MUG'})
0.013036164844407064,frozenset({'QUEENS GUARD COFFEE MUG'})
0.01015258921062117,frozenset({'PINK BABY BUNTING'})
0.0433737834915295,frozenset({'BAKING SET 9 PIECE RETROSPOT '})
0.01237534542833113,frozenset({'WRAP ALPHABET DESIGN'})
0.010392887180103328,frozenset({'MEDIUM CERAMIC TOP STORAGE JAR'})
0.018262645680643997,frozenset({'GINGHAM HEART DECORATION'})
0.015138772077375946,frozenset({'SET 2 PANTRY DESIGN TEA TOWELS'})
0.012555568905442748,frozenset({'PANTRY SCRUBBING BRUSH'})
0.04769914694220834,frozenset({'SET OF 4 PANTRY JELLY MOULDS'})
0.025711882734590893,frozenset({'TRAVEL CARD WALLET KEEP CALM'})
0.011534302535143579,frozenset({'TRAVEL CARD WALLET TRANSPORT'})
0.014117505707076775,frozenset({'REVOLVER WOODEN RULER '})
0.012074972966478434,frozenset({'GIRAFFE WOODEN RULER'})
0.017301453802715368,frozenset({'TRAVEL CARD WALLET VINTAGE TICKET'})
0.010753334134326565,frozenset({'TRAVEL CARD WALLET SUKI'})
0.010753334134326565,frozenset({'TRAVEL CARD WALLET UNION JACK'})
0.01033281268773279,frozenset({'TRAVEL CARD WALLET I LOVE LONDON'})
0.014778325123152709,frozenset({'CHILDRENS CUTLERY POLKADOT PINK'})
0.05022227562177099,frozenset({'LUNCH BAG SUKI DESIGN '})
0.010933557611438183,frozenset({'CHILDRENS CUTLERY RETROSPOT RED '})
0.025471584765108735,frozenset({'JUMBO BAG SCANDINAVIAN BLUE PAISLEY'})
0.014958548600264328,frozenset({'TOILET SIGN OCCUPIED OR VACANT'})
0.015499219031599183,frozenset({'PANTRY WASHING UP BRUSH'})
0.011474228042773038,frozenset({'TREASURE ISLAND BOOK BOX'})
0.013937282229965157,frozenset({'FELTCRAFT GIRL AMELIE KIT'})
0.010813408626697104,frozenset({'RECYCLED ACAPULCO MAT TURQUOISE'})
0.010873483119067644,frozenset({'BULL DOG BOTTLE OPENER'})
0.0313588850174216,frozenset({'ANTIQUE SILVER T-LIGHT GLASS'})
0.016460410909527816,frozenset({'DOUGHNUT LIP GLOSS '})
0.012315270935960592,frozenset({'ICE CREAM SUNDAE LIP GLOSS'})
0.01129400456566142,frozenset({'ICE CREAM PEN LIP GLOSS '})
0.017661900756938603,frozenset({'OPEN CLOSED METAL SIGN'})
0.011173855580920341,frozenset({'SET OF 4 JAM JAR MAGNETS'})
0.013276462813889223,frozenset({'CHILDRENS CUTLERY SPACEBOY '})
0.010753334134326565,frozenset({'CHILDRENS CUTLERY DOLLY GIRL '})
0.044815571308422446,frozenset({'LUNCH BAG APPLE DESIGN'})
0.041811846689895474,frozenset({'JUMBO BAG ALPHABET'})
0.03760663222395771,frozenset({'JUMBO BAG APPLES'})
0.03574432296047098,frozenset({'LUNCH BAG ALPHABET DESIGN'})
0.02030517842124234,frozenset({'CHARLOTTE BAG APPLES DESIGN'})
0.01706115583323321,frozenset({'CHARLOTTE BAG VINTAGE ALPHABET '})
0.033161119788537786,frozenset({'LUNCH BAG VINTAGE LEAF DESIGN'})
0.011654451519884658,frozenset({'TRIPLE HOOK ANTIQUE IVORY ROSE'})
0.013997356722335695,frozenset({'SINGLE ANTIQUE ROSE HOOK IVORY'})
0.012916015859665985,frozenset({'MINIATURE ANTIQUE ROSE HOOK IVORY'})
0.013216388321518684,frozenset({'ZINC T-LIGHT HOLDER STARS SMALL'})
0.03706596179262285,frozenset({'DOORMAT KEEP CALM AND COME IN'})
0.05454763907244984,frozenset({'SPOTTY BUNTING'})
0.0248107653490328,frozenset({'LUNCH BAG DOILEY PATTERN '})
0.025471584765108735,frozenset({'JUMBO BAG PEARS'})
0.02475069085666226,frozenset({'JUMBO BAG DOILEY PATTERNS'})
0.042592815090712485,frozenset({'JUMBO BAG VINTAGE LEAF'})
0.012795866874924906,frozenset({'BUNDLE OF 3 RETRO NOTE BOOKS'})
0.017661900756938603,frozenset({'REGENCY TEAPOT ROSES '})
0.0159798149705635,frozenset({'REGENCY TEA PLATE ROSES '})
0.01363690976811246,frozenset({'REGENCY TEA PLATE GREEN '})
0.012916015859665985,frozenset({'REGENCY MILK JUG PINK '})
0.012195121951219513,frozenset({'REGENCY SUGAR BOWL GREEN'})
0.011113781088549803,frozenset({'REGENCY TEA PLATE PINK'})
0.03868797308662742,frozenset({'RABBIT NIGHT LIGHT'})
0.011654451519884658,frozenset({'PARISIENNE JEWELLERY DRAWER '})
0.010933557611438183,frozenset({'ZINC HERB GARDEN CONTAINER'})
0.016039889462934036,frozenset({'SET OF 10 LED DOLLY LIGHTS'})
0.011774600504625737,frozenset({'RED METAL BOX TOP SECRET'})
0.0114141535504025,frozenset({'PARISIENNE KEY CABINET '})
0.015799591493451882,frozenset({'BUNDLE OF 3 ALPHABET EXERCISE BOOKS'})
0.014838399615523249,frozenset({'SET 6 PAPER TABLE LANTERN HEARTS '})
0.012074972966478434,frozenset({'SILVER BELLS TABLE DECORATION'})
0.010272738195362249,frozenset({'SILVER STARS TABLE DECORATION'})
0.012014898474107893,frozenset({'LARGE CERAMIC TOP STORAGE JAR'})
0.01363690976811246,frozenset({'CLASSIC GLASS COOKIE JAR'})
0.01123393007329088,frozenset({'CLASSIC CAFE SUGAR DISPENSER'})
0.018022347711161842,frozenset({'JINGLE BELL HEART DECORATION'})
0.044575273338940284,frozenset({'GARDENERS KNEELING PAD KEEP CALM '})
0.03766670671632825,frozenset({'GARDENERS KNEELING PAD CUP OF TEA '})
0.010753334134326565,frozenset({'KNEELING MAT HOUSEWORK  DESIGN'})
0.011714526012255196,frozenset({'SET 6 PAPER TABLE LANTERN STARS '})
0.011534302535143579,frozenset({'JINGLE BELL HEART ANTIQUE SILVER'})
0.015138772077375946,frozenset({'SET OF 3 HANGING OWLS OLLIE BEAK'})
0.022227562177099605,frozenset({'SET OF 3 WOODEN HEART DECORATIONS'})
0.01585966598582242,frozenset({'SET OF 60 I LOVE LONDON CAKE CASES '})
0.025471584765108735,frozenset({'SET OF 60 PANTRY DESIGN CAKE CASES '})
0.015318995554487565,frozenset({'SET OF 60 VINTAGE LEAF CAKE CASES '})
0.0114141535504025,frozenset({'SET OF 4 KNICK KNACK TINS LONDON '})
0.01898353958909047,frozenset({'SET OF TEA COFFEE SUGAR TINS PANTRY'})
0.034422684128319114,frozenset({'SET OF 3 REGENCY CAKE TINS'})
0.014477952661300012,frozenset({'TREASURE TIN GYMKHANA DESIGN'})
0.014177580199447315,"frozenset({""BISCUIT TIN 50'S CHRISTMAS""})"
0.03412231166646642,frozenset({'SMALL WHITE HEART OF WICKER'})
0.011774600504625737,frozenset({'BUBBLEGUM RING ASSORTED'})
0.018683167127237776,frozenset({'ZINC FOLKART SLEIGH BELLS'})
0.014958548600264328,frozenset({'SET OF 3 WOODEN STOCKING DECORATION'})
0.013757058752853539,frozenset({'SET OF 3 WOODEN TREE DECORATIONS'})
0.01345668629100084,frozenset({'SET OF 3 WOODEN SLEIGH DECORATIONS'})
0.034723056590171816,frozenset({'POPCORN HOLDER'})
0.030097320677640274,frozenset({'LARGE WHITE HEART OF WICKER'})
0.022047338699987984,frozenset({'JUMBO BAG VINTAGE CHRISTMAS '})
0.01357683527574192,frozenset({'CHRISTMAS STAR WISH LIST CHALKBOARD'})
0.010813408626697104,frozenset({'VINTAGE DONKEY TAIL GAME '})
0.012976090352036526,frozenset({'BISCUIT TIN VINTAGE CHRISTMAS'})
0.011113781088549803,frozenset({'GLASS APOTHECARY BOTTLE PERFUME'})
0.01015258921062117,frozenset({'GLASS APOTHECARY BOTTLE TONIC'})
0.03262044935720293,"frozenset({""JUMBO BAG 50'S CHRISTMAS ""})"
0.018863390604349394,frozenset({'PANTRY MAGNETIC  SHOPPING LIST'})
0.01591974047819296,frozenset({'WHITE WICKER STAR '})
0.01700108134086267,"frozenset({""GIANT 50'S CHRISTMAS CRACKER""})"
0.011053706596179262,frozenset({'VINTAGE LEAF MAGNETIC NOTEPAD'})
0.020725699867836116,frozenset({'VINTAGE CHRISTMAS BUNTING'})
0.023248828547398775,frozenset({'SET OF 12 FAIRY CAKE BAKING CASES'})
0.018022347711161842,frozenset({'SET OF 12 MINI LOAF BAKING CASES'})
0.01585966598582242,frozenset({'SET OF 6 TEA TIME BAKING CASES'})
0.014598101646041091,frozenset({'SET OF 6 SNACK LOAF BAKING CASES'})
0.019464135528054788,"frozenset({""BOX OF 6 MINI 50'S CRACKERS""})"
0.01808242220353238,frozenset({'BOX OF 6 MINI VINTAGE CRACKERS'})
0.011173855580920341,frozenset({'VINTAGE CHRISTMAS GIFT SACK'})
0.015379070046858104,frozenset({'VINTAGE CHRISTMAS STOCKING '})
0.013937282229965157,"frozenset({""6 GIFT TAGS 50'S CHRISTMAS ""})"
0.012916015859665985,frozenset({'6 GIFT TAGS VINTAGE CHRISTMAS '})
0.013757058752853539,frozenset({'ROLL WRAP VINTAGE SPOT '})
0.01351676078337138,frozenset({'ROLL WRAP VINTAGE CHRISTMAS'})
0.015018623092634867,"frozenset({""ROLL WRAP 50'S CHRISTMAS""})"
0.014838399615523249,frozenset({'SET OF 4 KNICK KNACK TINS DOILY '})
0.0339420881893548,frozenset({'JUMBO BAG VINTAGE DOILY '})
0.028955905322600024,frozenset({'LUNCH BAG VINTAGE DOILY '})
0.015499219031599183,frozenset({'IVORY WICKER HEART LARGE'})
0.012615643397813289,frozenset({'DECORATIVE WICKER HEART LARGE'})
0.011354079058031959,frozenset({'DECORATIVE WICKER HEART MEDIUM'})
0.01249549441307221,frozenset({'IVORY WICKER HEART MEDIUM'})
0.01573951700108134,frozenset({'SET 6 SCHOOL MILK BOTTLES IN CRATE'})
0.025711882734590893,frozenset({'LOVE HOT WATER BOTTLE'})
0.04163162321278385,frozenset({'HOT WATER BOTTLE KEEP CALM'})
0.021626817253394208,frozenset({'HAND WARMER RED LOVE HEART'})
0.010633185149585486,frozenset({'3 DRAWER ANTIQUE WHITE WOOD CABINET'})
0.0114141535504025,frozenset({'HOME SWEET HOME CUSHION COVER '})
0.010272738195362249,frozenset({'HOME SWEET HOME HANGING HEART'})
0.019103688573831552,frozenset({'PLAYING CARDS KEEP CALM & CARRY ON'})
0.012195121951219513,frozenset({'SET 12 COLOUR PENCILS SPACEBOY '})
0.010993632103808723,frozenset({'PLAYING CARDS JUBILEE UNION JACK'})
0.018683167127237776,frozenset({'VINTAGE DOILY TRAVEL SEWING KIT'})
0.012976090352036526,frozenset({'TRADITIONAL PICK UP STICKS GAME '})
0.011894749489366814,frozenset({'TRADITIONAL NAUGHTS & CROSSES'})
0.012976090352036526,frozenset({'VINTAGE DOILY JUMBO BAG RED '})
0.016460410909527816,frozenset({'LUNCH BAG PAISLEY PARK  '})
0.01706115583323321,frozenset({'JUMBO BAG PAISLEY PARK'})
0.01249549441307221,"frozenset({'HAND WARMER OWL DESIGN', 'HAND WARMER UNION JACK'})"
0.011354079058031959,"frozenset({'HAND WARMER UNION JACK', 'HAND WARMER SCOTTY DOG DESIGN'})"
0.015379070046858104,"frozenset({'WHITE HANGING HEART T-LIGHT HOLDER', 'ASSORTED COLOUR BIRD ORNAMENT'})"
0.012195121951219513,"frozenset({'REGENCY CAKESTAND 3 TIER', 'ASSORTED COLOUR BIRD ORNAMENT'})"
0.012135047458848972,"frozenset({'WHITE HANGING HEART T-LIGHT HOLDER', 'HOME BUILDING BLOCK WORD'})"
0.01573951700108134,"frozenset({'LOVE BUILDING BLOCK WORD', 'HOME BUILDING BLOCK WORD'})"
0.01033281268773279,"frozenset({'WHITE HANGING HEART T-LIGHT HOLDER', 'LOVE BUILDING BLOCK WORD'})"
0.012555568905442748,"frozenset({""POPPY'S PLAYHOUSE BEDROOM "", ""POPPY'S PLAYHOUSE KITCHEN""})"
0.01237534542833113,"frozenset({'SET OF 3 CAKE TINS PANTRY DESIGN ', 'JAM MAKING SET WITH JARS'})"
0.018322720173014537,"frozenset({'WOODEN PICTURE FRAME WHITE FINISH', 'WHITE HANGING HEART T-LIGHT HOLDER'})"
0.027514117505707078,"frozenset({'WOODEN PICTURE FRAME WHITE FINISH', 'WOODEN FRAME ANTIQUE WHITE '})"
0.015018623092634867,"frozenset({'WOODEN FRAME ANTIQUE WHITE ', 'WHITE HANGING HEART T-LIGHT HOLDER'})"
0.010693259641956025,"frozenset({'WOODEN FRAME ANTIQUE WHITE ', 'WHITE HANGING HEART T-LIGHT HOLDER', 'WOODEN PICTURE FRAME WHITE FINISH'})"
0.011834674996996275,"frozenset({'WOODEN PICTURE FRAME WHITE FINISH', 'WOOD 2 DRAWER CABINET WHITE FINISH'})"
0.011053706596179262,"frozenset({'WOODEN FRAME ANTIQUE WHITE ', 'WOOD 2 DRAWER CABINET WHITE FINISH'})"
0.010092514718250631,"frozenset({'WOOD 2 DRAWER CABINET WHITE FINISH', 'WHITE HANGING HEART T-LIGHT HOLDER'})"
0.025711882734590893,"frozenset({'WHITE HANGING HEART T-LIGHT HOLDER', 'RED HANGING HEART T-LIGHT HOLDER'})"
0.015078697585005407,"frozenset({'HOT WATER BOTTLE TEA AND SYMPATHY', 'CHOCOLATE HOT WATER BOTTLE'})"
0.01351676078337138,"frozenset({'HOT WATER BOTTLE TEA AND SYMPATHY', 'HOT WATER BOTTLE KEEP CALM'})"
0.013156313829148144,"frozenset({'LUNCH BAG RED RETROSPOT', 'WHITE HANGING HEART T-LIGHT HOLDER'})"
0.02264808362369338,"frozenset({'LUNCH BAG RED RETROSPOT', 'JUMBO BAG RED RETROSPOT'})"
0.013336537306259761,"frozenset({'LUNCH BAG RED RETROSPOT', 'JUMBO BAG PINK POLKADOT'})"
0.030397693139492973,"frozenset({'JUMBO BAG PINK POLKADOT', 'JUMBO BAG RED RETROSPOT'})"
0.011474228042773038,"frozenset({'JUMBO BAG PINK POLKADOT', 'LUNCH BAG  BLACK SKULL.'})"
0.013877207737594618,"frozenset({'LUNCH BAG PINK POLKADOT', 'JUMBO BAG PINK POLKADOT'})"
0.01033281268773279,"frozenset({'LUNCH BAG CARS BLUE', 'JUMBO BAG PINK POLKADOT'})"
0.01033281268773279,"frozenset({'LUNCH BAG RED RETROSPOT', 'JUMBO BAG PINK POLKADOT', 'JUMBO BAG RED RETROSPOT'})"
0.016280187432416195,"frozenset({'JUMBO BAG PINK POLKADOT', 'JUMBO STORAGE BAG SUKI'})"
0.013276462813889223,"frozenset({'LUNCH BAG RED RETROSPOT', 'JUMBO STORAGE BAG SUKI'})"
0.024510392887180103,"frozenset({'JUMBO BAG RED RETROSPOT', 'JUMBO STORAGE BAG SUKI'})"
0.014538027153670552,"frozenset({'JUMBO SHOPPER VINTAGE RED PAISLEY', 'JUMBO STORAGE BAG SUKI'})"
0.010873483119067644,"frozenset({'JUMBO STORAGE BAG SUKI', 'LUNCH BAG  BLACK SKULL.'})"
0.01021266370299171,"frozenset({'LUNCH BAG PINK POLKADOT', 'JUMBO STORAGE BAG SUKI'})"
0.012916015859665985,"frozenset({'LUNCH BAG SUKI DESIGN ', 'JUMBO STORAGE BAG SUKI'})"
0.012735792382554368,"frozenset({'JUMBO BAG RED RETROSPOT', 'JUMBO BAG PINK POLKADOT', 'JUMBO STORAGE BAG SUKI'})"
0.010873483119067644,"frozenset({'JUMBO SHOPPER VINTAGE RED PAISLEY', 'JUMBO BAG RED RETROSPOT', 'JUMBO STORAGE BAG SUKI'})"
0.014598101646041091,"frozenset({'JUMBO  BAG BAROQUE BLACK WHITE', 'JUMBO BAG PINK POLKADOT'})"
0.014297729184188394,"frozenset({'JUMBO  BAG BAROQUE BLACK WHITE', 'JUMBO STORAGE BAG SUKI'})"
0.020845848852577196,"frozenset({'JUMBO  BAG BAROQUE BLACK WHITE', 'JUMBO BAG RED RETROSPOT'})"
0.013817133245224078,"frozenset({'JUMBO  BAG BAROQUE BLACK WHITE', 'JUMBO SHOPPER VINTAGE RED PAISLEY'})"
0.010513036164844407,"frozenset({'JUMBO  BAG BAROQUE BLACK WHITE', 'JUMBO BAG PINK POLKADOT', 'JUMBO BAG RED RETROSPOT'})"
0.017301453802715368,"frozenset({'PACK OF 72 RETROSPOT CAKE CASES', 'PACK OF 60 PINK PAISLEY CAKE CASES'})"
0.017421602787456445,"frozenset({'PACK OF 72 RETROSPOT CAKE CASES', '60 TEATIME FAIRY CAKE CASES'})"
0.015078697585005407,"frozenset({'60 TEATIME FAIRY CAKE CASES', 'PACK OF 60 PINK PAISLEY CAKE CASES'})"
0.014297729184188394,"frozenset({'JUMBO BAG PINK POLKADOT', 'JUMBO BAG PINK VINTAGE PAISLEY'})"
0.011173855580920341,"frozenset({'JUMBO BAG PINK VINTAGE PAISLEY', 'JUMBO STORAGE BAG SUKI'})"
0.01814249669590292,"frozenset({'JUMBO BAG RED RETROSPOT', 'JUMBO BAG PINK VINTAGE PAISLEY'})"
0.014357803676558933,"frozenset({'JUMBO SHOPPER VINTAGE RED PAISLEY', 'JUMBO BAG PINK VINTAGE PAISLEY'})"
0.011534302535143579,"frozenset({'JUMBO BAG STRAWBERRY', 'JUMBO BAG PINK VINTAGE PAISLEY'})"
0.010272738195362249,"frozenset({'JUMBO BAG PINK POLKADOT', 'JUMBO BAG PINK VINTAGE PAISLEY', 'JUMBO BAG RED RETROSPOT'})"
0.013997356722335695,"frozenset({'PACK OF 72 RETROSPOT CAKE CASES', 'PACK OF 60 DINOSAUR CAKE CASES'})"
0.012315270935960592,"frozenset({'60 TEATIME FAIRY CAKE CASES', 'PACK OF 60 DINOSAUR CAKE CASES'})"
0.011053706596179262,"frozenset({'PACK OF 60 PINK PAISLEY CAKE CASES', 'PACK OF 60 DINOSAUR CAKE CASES'})"
0.016099963955304577,"frozenset({'STRAWBERRY CHARLOTTE BAG', 'RED RETROSPOT CHARLOTTE BAG'})"
0.012735792382554368,"frozenset({'STRAWBERRY CHARLOTTE BAG', 'CHARLOTTE BAG SUKI DESIGN'})"
0.015559293523969722,"frozenset({'JAM MAKING SET WITH JARS', 'JAM MAKING SET PRINTED'})"
0.01033281268773279,"frozenset({'SET OF 3 CAKE TINS PANTRY DESIGN ', 'JAM MAKING SET PRINTED'})"
0.022407785654211223,"frozenset({'JUMBO BAG RED RETROSPOT', 'JUMBO SHOPPER VINTAGE RED PAISLEY'})"
0.013817133245224078,"frozenset({'JUMBO BAG PINK POLKADOT', 'JUMBO SHOPPER VINTAGE RED PAISLEY'})"
0.010753334134326565,"frozenset({'LUNCH BAG RED RETROSPOT', 'JUMBO SHOPPER VINTAGE RED PAISLEY'})"
0.010573110657214946,"frozenset({'JUMBO SHOPPER VINTAGE RED PAISLEY', 'JUMBO BAG PINK POLKADOT', 'JUMBO BAG RED RETROSPOT'})"
0.01129400456566142,"frozenset({'RETROSPOT TEA SET CERAMIC 11 PC ', 'BAKING SET 9 PIECE RETROSPOT '})"
0.013817133245224078,"frozenset({'GIN + TONIC DIET METAL SIGN', 'PLEASE ONE PERSON METAL SIGN'})"
0.01585966598582242,"frozenset({'GIN + TONIC DIET METAL SIGN', 'COOK WITH WINE METAL SIGN '})"
0.014958548600264328,"frozenset({'COOK WITH WINE METAL SIGN ', 'PLEASE ONE PERSON METAL SIGN'})"
0.015439144539228643,"frozenset({'COOK WITH WINE METAL SIGN ', 'HAND OVER THE CHOCOLATE   SIGN '})"
0.02727381953622492,"frozenset({'ALARM CLOCK BAKELIKE GREEN', 'ALARM CLOCK BAKELIKE RED '})"
0.0156794425087108,"frozenset({'NATURAL SLATE HEART CHALKBOARD ', 'WHITE HANGING HEART T-LIGHT HOLDER'})"
0.015318995554487565,"frozenset({'WHITE HANGING HEART T-LIGHT HOLDER', 'HEART OF WICKER SMALL'})"
0.02390964796347471,"frozenset({'HEART OF WICKER LARGE', 'HEART OF WICKER SMALL'})"
0.017181304817974287,"frozenset({'WHITE HANGING HEART T-LIGHT HOLDER', 'HEART OF WICKER LARGE'})"
0.018803316111978854,"frozenset({'LUNCH BAG SPACEBOY DESIGN ', 'LUNCH BAG DOLLY GIRL DESIGN'})"
0.016039889462934036,"frozenset({'LUNCH BAG RED RETROSPOT', 'LUNCH BAG DOLLY GIRL DESIGN'})"
0.012855941367295447,"frozenset({'LUNCH BAG PINK POLKADOT', 'LUNCH BAG DOLLY GIRL DESIGN'})"
0.012795866874924906,"frozenset({'LUNCH BAG WOODLAND', 'LUNCH BAG DOLLY GIRL DESIGN'})"
0.014778325123152709,"frozenset({'LUNCH BAG  BLACK SKULL.', 'LUNCH BAG DOLLY GIRL DESIGN'})"
0.01357683527574192,"frozenset({'LUNCH BAG CARS BLUE', 'LUNCH BAG DOLLY GIRL DESIGN'})"
0.014177580199447315,"frozenset({'LUNCH BAG SUKI DESIGN ', 'LUNCH BAG DOLLY GIRL DESIGN'})"
0.010813408626697104,"frozenset({'LUNCH BAG APPLE DESIGN', 'LUNCH BAG DOLLY GIRL DESIGN'})"
0.011173855580920341,"frozenset({'LUNCH BAG RED RETROSPOT', 'LUNCH BAG SPACEBOY DESIGN ', 'LUNCH BAG DOLLY GIRL DESIGN'})"
0.01021266370299171,"frozenset({'LUNCH BAG SPACEBOY DESIGN ', 'LUNCH BAG  BLACK SKULL.', 'LUNCH BAG DOLLY GIRL DESIGN'})"
0.014477952661300012,"frozenset({'WHITE HANGING HEART T-LIGHT HOLDER', 'JUMBO BAG RED RETROSPOT'})"
0.026252553165925747,"frozenset({""PAPER CHAIN KIT 50'S CHRISTMAS "", 'PAPER CHAIN KIT VINTAGE CHRISTMAS'})"
0.012315270935960592,"frozenset({'RETROSPOT HEART HOT WATER BOTTLE', 'SCOTTIE DOG HOT WATER BOTTLE'})"
0.010092514718250631,"frozenset({'RETROSPOT HEART HOT WATER BOTTLE', 'CHOCOLATE HOT WATER BOTTLE'})"
0.013817133245224078,"frozenset({'PLEASE ONE PERSON METAL SIGN', 'HAND OVER THE CHOCOLATE   SIGN '})"
0.01471825063078217,"frozenset({'GIN + TONIC DIET METAL SIGN', 'HAND OVER THE CHOCOLATE   SIGN '})"
0.016700708879009974,"frozenset({'HAND WARMER OWL DESIGN', 'HAND WARMER SCOTTY DOG DESIGN'})"
0.010993632103808723,"frozenset({'HAND WARMER OWL DESIGN', 'HAND WARMER RED RETROSPOT'})"
0.010573110657214946,"frozenset({'HAND WARMER RED RETROSPOT', 'HAND WARMER SCOTTY DOG DESIGN'})"
0.014237654691817854,"frozenset({'HAND WARMER SCOTTY DOG DESIGN', 'HAND WARMER BIRD DESIGN'})"
0.015559293523969722,"frozenset({'HAND WARMER OWL DESIGN', 'HAND WARMER BIRD DESIGN'})"
0.01700108134086267,"frozenset({'ALARM CLOCK BAKELIKE IVORY', 'ALARM CLOCK BAKELIKE RED '})"
0.014898474107893788,"frozenset({'ALARM CLOCK BAKELIKE GREEN', 'ALARM CLOCK BAKELIKE IVORY'})"
0.01243541992070167,"frozenset({'ALARM CLOCK BAKELIKE IVORY', 'ALARM CLOCK BAKELIKE PINK'})"
0.011534302535143579,"frozenset({'ALARM CLOCK BAKELIKE GREEN', 'ALARM CLOCK BAKELIKE IVORY', 'ALARM CLOCK BAKELIKE RED '})"
0.012615643397813289,"frozenset({'ALARM CLOCK BAKELIKE ORANGE', 'ALARM CLOCK BAKELIKE RED '})"
0.0114141535504025,"frozenset({'ALARM CLOCK BAKELIKE GREEN', 'ALARM CLOCK BAKELIKE ORANGE'})"
0.014477952661300012,"frozenset({'CHOCOLATE HOT WATER BOTTLE', 'HOT WATER BOTTLE KEEP CALM'})"
0.013817133245224078,"frozenset({'SCOTTIE DOG HOT WATER BOTTLE', 'CHOCOLATE HOT WATER BOTTLE'})"
0.010633185149585486,"frozenset({'SCOTTIE DOG HOT WATER BOTTLE', 'HOT WATER BOTTLE KEEP CALM'})"
0.016520485401898353,"frozenset({'HOT WATER BOTTLE I AM SO POORLY', 'CHOCOLATE HOT WATER BOTTLE'})"
0.010933557611438183,"frozenset({'HOT WATER BOTTLE I AM SO POORLY', 'HOT WATER BOTTLE TEA AND SYMPATHY'})"
0.011053706596179262,"frozenset({'HOT WATER BOTTLE I AM SO POORLY', 'HOT WATER BOTTLE KEEP CALM'})"
0.024630541871921183,"frozenset({'LUNCH BAG RED RETROSPOT', 'LUNCH BAG SPACEBOY DESIGN '})"
0.010753334134326565,"frozenset({'WHITE HANGING HEART T-LIGHT HOLDER', 'LUNCH BAG SPACEBOY DESIGN '})"
0.023368977532139852,"frozenset({'LUNCH BAG SPACEBOY DESIGN ', 'LUNCH BAG  BLACK SKULL.'})"
0.021807040730505826,"frozenset({'LUNCH BAG CARS BLUE', 'LUNCH BAG SPACEBOY DESIGN '})"
0.0114141535504025,"frozenset({'JUMBO BAG RED RETROSPOT', 'LUNCH BAG SPACEBOY DESIGN '})"
0.014237654691817854,"frozenset({'LUNCH BAG RED RETROSPOT', 'LUNCH BAG SPACEBOY DESIGN ', 'LUNCH BAG  BLACK SKULL.'})"
0.012976090352036526,"frozenset({'LUNCH BAG RED RETROSPOT', 'LUNCH BAG CARS BLUE', 'LUNCH BAG SPACEBOY DESIGN '})"
0.012555568905442748,"frozenset({'LUNCH BAG CARS BLUE', 'LUNCH BAG SPACEBOY DESIGN ', 'LUNCH BAG  BLACK SKULL.'})"
0.02829508590652409,"frozenset({'LUNCH BAG PINK POLKADOT', 'LUNCH BAG RED RETROSPOT'})"
0.02006488045176018,"frozenset({'LUNCH BAG PINK POLKADOT', 'LUNCH BAG SPACEBOY DESIGN '})"
0.011474228042773038,"frozenset({'LUNCH BAG PINK POLKADOT', 'WHITE HANGING HEART T-LIGHT HOLDER'})"
0.026552925627778445,"frozenset({'LUNCH BAG PINK POLKADOT', 'LUNCH BAG  BLACK SKULL.'})"
0.023789498978733628,"frozenset({'LUNCH BAG PINK POLKADOT', 'LUNCH BAG CARS BLUE'})"
0.015198846569746486,"frozenset({'LUNCH BAG PINK POLKADOT', 'JUMBO BAG RED RETROSPOT'})"
0.013757058752853539,"frozenset({'LUNCH BAG PINK POLKADOT', 'LUNCH BAG RED RETROSPOT', 'LUNCH BAG SPACEBOY DESIGN '})"
0.012855941367295447,"frozenset({'LUNCH BAG PINK POLKADOT', 'LUNCH BAG SPACEBOY DESIGN ', 'LUNCH BAG  BLACK SKULL.'})"
0.01249549441307221,"frozenset({'LUNCH BAG PINK POLKADOT', 'LUNCH BAG CARS BLUE', 'LUNCH BAG SPACEBOY DESIGN '})"
0.017601826264568063,"frozenset({'LUNCH BAG PINK POLKADOT', 'LUNCH BAG RED RETROSPOT', 'LUNCH BAG  BLACK SKULL.'})"
0.015258921062117025,"frozenset({'LUNCH BAG RED RETROSPOT', 'LUNCH BAG PINK POLKADOT', 'LUNCH BAG CARS BLUE'})"
0.015018623092634867,"frozenset({'LUNCH BAG PINK POLKADOT', 'LUNCH BAG CARS BLUE', 'LUNCH BAG  BLACK SKULL.'})"
0.011113781088549803,"frozenset({'LUNCH BAG CARS BLUE', 'LUNCH BAG PINK POLKADOT', 'LUNCH BAG RED RETROSPOT', 'LUNCH BAG  BLACK SKULL.'})"
0.01021266370299171,"frozenset({'LUNCH BAG PINK POLKADOT', 'LUNCH BAG RED RETROSPOT', 'JUMBO BAG RED RETROSPOT'})"
0.021867115222876366,"frozenset({'LUNCH BAG WOODLAND', 'LUNCH BAG RED RETROSPOT'})"
0.020785774360206656,"frozenset({'LUNCH BAG WOODLAND', 'LUNCH BAG SPACEBOY DESIGN '})"
0.017181304817974287,"frozenset({'LUNCH BAG WOODLAND', 'LUNCH BAG PINK POLKADOT'})"
0.019464135528054788,"frozenset({'LUNCH BAG WOODLAND', 'LUNCH BAG  BLACK SKULL.'})"
0.01916376306620209,"frozenset({'LUNCH BAG WOODLAND', 'LUNCH BAG CARS BLUE'})"
0.016640634386639434,"frozenset({'LUNCH BAG WOODLAND', 'LUNCH BAG SUKI DESIGN '})"
0.01471825063078217,"frozenset({'LUNCH BAG APPLE DESIGN', 'LUNCH BAG WOODLAND'})"
0.013396611798630302,"frozenset({'LUNCH BAG WOODLAND', 'LUNCH BAG RED RETROSPOT', 'LUNCH BAG SPACEBOY DESIGN '})"
0.012735792382554368,"frozenset({'LUNCH BAG WOODLAND', 'LUNCH BAG PINK POLKADOT', 'LUNCH BAG RED RETROSPOT'})"
0.010933557611438183,"frozenset({'LUNCH BAG WOODLAND', 'LUNCH BAG PINK POLKADOT', 'LUNCH BAG SPACEBOY DESIGN '})"
0.011354079058031959,"frozenset({'LUNCH BAG WOODLAND', 'LUNCH BAG PINK POLKADOT', 'LUNCH BAG  BLACK SKULL.'})"
0.010933557611438183,"frozenset({'LUNCH BAG WOODLAND', 'LUNCH BAG PINK POLKADOT', 'LUNCH BAG CARS BLUE'})"
0.012855941367295447,"frozenset({'LUNCH BAG WOODLAND', 'LUNCH BAG RED RETROSPOT', 'LUNCH BAG  BLACK SKULL.'})"
0.011594377027514117,"frozenset({'LUNCH BAG WOODLAND', 'LUNCH BAG SPACEBOY DESIGN ', 'LUNCH BAG  BLACK SKULL.'})"
0.01243541992070167,"frozenset({'LUNCH BAG CARS BLUE', 'LUNCH BAG WOODLAND', 'LUNCH BAG RED RETROSPOT'})"
0.011714526012255196,"frozenset({'LUNCH BAG WOODLAND', 'LUNCH BAG CARS BLUE', 'LUNCH BAG SPACEBOY DESIGN '})"
0.011173855580920341,"frozenset({'LUNCH BAG WOODLAND', 'LUNCH BAG CARS BLUE', 'LUNCH BAG  BLACK SKULL.'})"
0.010633185149585486,"frozenset({'LUNCH BAG WOODLAND', 'LUNCH BAG SUKI DESIGN ', 'LUNCH BAG  BLACK SKULL.'})"
0.01003244022588009,"frozenset({'LUNCH BAG WOODLAND', 'LUNCH BAG CARS BLUE', 'LUNCH BAG SUKI DESIGN '})"
0.011774600504625737,"frozenset({'LUNCH BAG WOODLAND', 'LUNCH BAG RED RETROSPOT', 'LUNCH BAG SUKI DESIGN '})"
0.010452961672473868,"frozenset({'PLEASE ONE PERSON METAL SIGN', 'LADIES & GENTLEMEN METAL SIGN'})"
0.014117505707076775,"frozenset({'WHITE HANGING HEART T-LIGHT HOLDER', 'CANDLEHOLDER PINK HANGING HEART'})"
0.013276462813889223,"frozenset({'TOILET METAL SIGN', 'BATHROOM METAL SIGN'})"
0.01021266370299171,"frozenset({'KITCHEN METAL SIGN', 'BATHROOM METAL SIGN'})"
0.029076054307341104,"frozenset({'LUNCH BAG RED RETROSPOT', 'LUNCH BAG  BLACK SKULL.'})"
0.0156794425087108,"frozenset({'JUMBO BAG RED RETROSPOT', 'LUNCH BAG  BLACK SKULL.'})"
0.010873483119067644,"frozenset({'WHITE HANGING HEART T-LIGHT HOLDER', 'LUNCH BAG  BLACK SKULL.'})"
0.01015258921062117,"frozenset({'LUNCH BAG RED RETROSPOT', 'JUMBO BAG RED RETROSPOT', 'LUNCH BAG  BLACK SKULL.'})"
0.024149945932956867,"frozenset({'LUNCH BAG CARS BLUE', 'LUNCH BAG  BLACK SKULL.'})"
0.0248107653490328,"frozenset({'LUNCH BAG RED RETROSPOT', 'LUNCH BAG CARS BLUE'})"
0.010933557611438183,"frozenset({'WHITE HANGING HEART T-LIGHT HOLDER', 'LUNCH BAG CARS BLUE'})"
0.013937282229965157,"frozenset({'LUNCH BAG CARS BLUE', 'JUMBO BAG RED RETROSPOT'})"
0.014838399615523249,"frozenset({'LUNCH BAG CARS BLUE', 'LUNCH BAG RED RETROSPOT', 'LUNCH BAG  BLACK SKULL.'})"
0.013156313829148144,"frozenset({'SET OF 3 BUTTERFLY COOKIE CUTTERS', 'SET OF 3 HEART COOKIE CUTTERS'})"
0.011834674996996275,"frozenset({'PACK OF 72 RETROSPOT CAKE CASES', '72 SWEETHEART FAIRY CAKE CASES'})"
0.010452961672473868,"frozenset({'72 SWEETHEART FAIRY CAKE CASES', 'PACK OF 60 DINOSAUR CAKE CASES'})"
0.011774600504625737,"frozenset({'72 SWEETHEART FAIRY CAKE CASES', '60 TEATIME FAIRY CAKE CASES'})"
0.012675717890183827,"frozenset({'PACK OF 72 RETROSPOT CAKE CASES', 'PACK OF 72 SKULL CAKE CASES'})"
0.010513036164844407,"frozenset({'PACK OF 72 SKULL CAKE CASES', 'PACK OF 60 DINOSAUR CAKE CASES'})"
0.010092514718250631,"frozenset({'SET/5 RED RETROSPOT LID GLASS BOWLS', 'WHITE HANGING HEART T-LIGHT HOLDER'})"
0.01345668629100084,"frozenset({'RED  HARMONICA IN BOX ', 'BLUE HARMONICA IN BOX '})"
0.02372942448636309,"frozenset({'JUMBO BAG STRAWBERRY', 'JUMBO BAG RED RETROSPOT'})"
0.012735792382554368,"frozenset({'JUMBO BAG STRAWBERRY', 'JUMBO STORAGE BAG SUKI'})"
0.01706115583323321,"frozenset({'JUMBO BAG STRAWBERRY', 'JUMBO BAG PINK POLKADOT'})"
0.012014898474107893,"frozenset({'JUMBO BAG STRAWBERRY', 'JUMBO  BAG BAROQUE BLACK WHITE'})"
0.01003244022588009,"frozenset({'JUMBO BAG STRAWBERRY', 'JUMBO SHOPPER VINTAGE RED PAISLEY'})"
0.01003244022588009,"frozenset({'JUMBO BAG STRAWBERRY', 'JUMBO BAG RED RETROSPOT', 'JUMBO STORAGE BAG SUKI'})"
0.01351676078337138,"frozenset({'JUMBO BAG STRAWBERRY', 'JUMBO BAG PINK POLKADOT', 'JUMBO BAG RED RETROSPOT'})"
0.010873483119067644,"frozenset({'JUMBO BAG OWLS', 'JUMBO BAG RED RETROSPOT'})"
0.018803316111978854,"frozenset({'DOLLY GIRL LUNCH BOX', 'SPACEBOY LUNCH BOX '})"
0.011053706596179262,"frozenset({'CHRISTMAS CRAFT LITTLE FRIENDS', 'CHRISTMAS CRAFT TREE TOP ANGEL'})"
0.011474228042773038,"frozenset({'FELTCRAFT CUSHION RABBIT', 'FELTCRAFT CUSHION OWL'})"
0.0114141535504025,"frozenset({'FELTCRAFT CUSHION RABBIT', 'FELTCRAFT CUSHION BUTTERFLY'})"
0.014538027153670552,"frozenset({'VINTAGE SNAP CARDS', 'VINTAGE HEADS AND TAILS CARD GAME '})"
0.010272738195362249,"frozenset({'60 CAKE CASES VINTAGE CHRISTMAS', 'SET OF 20 VINTAGE CHRISTMAS NAPKINS'})"
0.010633185149585486,"frozenset({'PLASTERS IN TIN WOODLAND ANIMALS', 'PLASTERS IN TIN SPACEBOY'})"
0.012855941367295447,"frozenset({'FELTCRAFT PRINCESS CHARLOTTE DOLL', 'FELTCRAFT PRINCESS LOLA DOLL'})"
0.01021266370299171,"frozenset({'WHITE HANGING HEART T-LIGHT HOLDER', 'ZINC METAL HEART DECORATION'})"
0.011354079058031959,"frozenset({'CHRISTMAS CRAFT WHITE FAIRY ', 'CHRISTMAS CRAFT LITTLE FRIENDS'})"
0.013156313829148144,"frozenset({'WHITE HANGING HEART T-LIGHT HOLDER', 'REGENCY CAKESTAND 3 TIER'})"
0.014357803676558933,"frozenset({'JUMBO BAG RED RETROSPOT', 'JUMBO STORAGE BAG SKULLS'})"
0.012074972966478434,"frozenset({'JUMBO BAG PINK POLKADOT', 'JUMBO STORAGE BAG SKULLS'})"
0.011654451519884658,"frozenset({'JUMBO STORAGE BAG SUKI', 'JUMBO STORAGE BAG SKULLS'})"
0.010873483119067644,"frozenset({'JUMBO STORAGE BAG SKULLS', 'LUNCH BAG  BLACK SKULL.'})"
0.01015258921062117,"frozenset({'HERB MARKER THYME', 'HERB MARKER ROSEMARY'})"
0.02114622131442989,"frozenset({'REGENCY CAKESTAND 3 TIER', 'ROSES REGENCY TEACUP AND SAUCER '})"
0.028595458368376788,"frozenset({'GREEN REGENCY TEACUP AND SAUCER', 'ROSES REGENCY TEACUP AND SAUCER '})"
0.01928391205094317,"frozenset({'GREEN REGENCY TEACUP AND SAUCER', 'REGENCY CAKESTAND 3 TIER'})"
0.01591974047819296,"frozenset({'GREEN REGENCY TEACUP AND SAUCER', 'REGENCY CAKESTAND 3 TIER', 'ROSES REGENCY TEACUP AND SAUCER '})"
0.012555568905442748,"frozenset({'IVORY KITCHEN SCALES', 'RED KITCHEN SCALES'})"
0.010633185149585486,"frozenset({'RED DINER WALL CLOCK', 'IVORY DINER WALL CLOCK'})"
0.012074972966478434,"frozenset({'JUMBO BAG WOODLAND ANIMALS', 'JUMBO BAG RED RETROSPOT'})"
0.01003244022588009,"frozenset({'JUMBO BAG WOODLAND ANIMALS', 'JUMBO BAG PINK POLKADOT'})"
0.01465817613841163,"frozenset({'RECIPE BOX PANTRY YELLOW DESIGN', 'SET OF 3 CAKE TINS PANTRY DESIGN '})"
0.010993632103808723,"frozenset({'RECIPE BOX PANTRY YELLOW DESIGN', 'RECIPE BOX RETROSPOT '})"
0.011053706596179262,"frozenset({'STRAWBERRY CERAMIC TRINKET BOX', 'SWEETHEART CERAMIC TRINKET BOX'})"
0.011053706596179262,"frozenset({'BLUE STRIPE CERAMIC DRAWER KNOB', 'RED STRIPE CERAMIC DRAWER KNOB'})"
0.01249549441307221,"frozenset({'WOODEN TREE CHRISTMAS SCANDINAVIAN', 'WOODEN STAR CHRISTMAS SCANDINAVIAN'})"
0.010993632103808723,"frozenset({'WOODEN HEART CHRISTMAS SCANDINAVIAN', 'WOODEN TREE CHRISTMAS SCANDINAVIAN'})"
0.01021266370299171,"frozenset({'WOODEN HEART CHRISTMAS SCANDINAVIAN', 'WOODEN TREE CHRISTMAS SCANDINAVIAN', 'WOODEN STAR CHRISTMAS SCANDINAVIAN'})"
0.018022347711161842,"frozenset({'WOODEN HEART CHRISTMAS SCANDINAVIAN', 'WOODEN STAR CHRISTMAS SCANDINAVIAN'})"
0.01345668629100084,"frozenset({'PINK BLUE FELT CRAFT TRINKET BOX', 'PINK CREAM FELT CRAFT TRINKET BOX '})"
0.016580559894268893,"frozenset({'ALARM CLOCK BAKELIKE GREEN', 'ALARM CLOCK BAKELIKE PINK'})"
0.01922383755857263,"frozenset({'ALARM CLOCK BAKELIKE RED ', 'ALARM CLOCK BAKELIKE PINK'})"
0.012675717890183827,"frozenset({'ALARM CLOCK BAKELIKE RED ', 'ALARM CLOCK BAKELIKE GREEN', 'ALARM CLOCK BAKELIKE PINK'})"
0.010933557611438183,"frozenset({'ALARM CLOCK BAKELIKE CHOCOLATE', 'ALARM CLOCK BAKELIKE GREEN'})"
0.01129400456566142,"frozenset({'ALARM CLOCK BAKELIKE CHOCOLATE', 'ALARM CLOCK BAKELIKE RED '})"
0.0159798149705635,"frozenset({'CHARLOTTE BAG SUKI DESIGN', 'RED RETROSPOT CHARLOTTE BAG'})"
0.01003244022588009,"frozenset({'LUNCH BAG RED RETROSPOT', 'CHARLOTTE BAG SUKI DESIGN'})"
0.014598101646041091,"frozenset({'PAINTED METAL PEARS ASSORTED', 'ASSORTED COLOUR BIRD ORNAMENT'})"
0.01573951700108134,"frozenset({'BAKING SET SPACEBOY DESIGN', 'BAKING SET 9 PIECE RETROSPOT '})"
0.013036164844407064,"frozenset({'BLUE HAPPY BIRTHDAY BUNTING', 'PINK HAPPY BIRTHDAY BUNTING'})"
0.013696984260482999,"frozenset({'JUMBO BAG RED RETROSPOT', 'JUMBO BAG SPACEBOY DESIGN'})"
0.011113781088549803,"frozenset({'JUMBO BAG SPACEBOY DESIGN', 'JUMBO STORAGE BAG SUKI'})"
0.010993632103808723,"frozenset({'JUMBO BAG PINK POLKADOT', 'JUMBO BAG SPACEBOY DESIGN'})"
0.01003244022588009,"frozenset({'PINK FAIRY CAKE CHILDRENS APRON', 'CHILDRENS APRON SPACEBOY DESIGN'})"
0.01015258921062117,"frozenset({""POPPY'S PLAYHOUSE LIVINGROOM "", ""POPPY'S PLAYHOUSE BEDROOM ""})"
0.010693259641956025,"frozenset({""POPPY'S PLAYHOUSE LIVINGROOM "", ""POPPY'S PLAYHOUSE KITCHEN""})"
0.01243541992070167,"frozenset({'LUNCH BAG RED RETROSPOT', 'RED RETROSPOT CHARLOTTE BAG'})"
0.011474228042773038,"frozenset({'RED RETROSPOT CHARLOTTE BAG', 'LUNCH BAG  BLACK SKULL.'})"
0.014177580199447315,"frozenset({'JUMBO BAG RED RETROSPOT', 'RED RETROSPOT CHARLOTTE BAG'})"
0.01682085786375105,"frozenset({'CHARLOTTE BAG PINK POLKADOT', 'RED RETROSPOT CHARLOTTE BAG'})"
0.012074972966478434,"frozenset({'CHARLOTTE BAG PINK POLKADOT', 'CHARLOTTE BAG SUKI DESIGN'})"
0.011534302535143579,"frozenset({'CHARLOTTE BAG PINK POLKADOT', 'STRAWBERRY CHARLOTTE BAG'})"
0.012916015859665985,"frozenset({'WOODLAND CHARLOTTE BAG', 'RED RETROSPOT CHARLOTTE BAG'})"
0.012014898474107893,"frozenset({'WOODLAND CHARLOTTE BAG', 'CHARLOTTE BAG SUKI DESIGN'})"
0.010933557611438183,"frozenset({'WOODLAND CHARLOTTE BAG', 'STRAWBERRY CHARLOTTE BAG'})"
0.010933557611438183,"frozenset({'SCANDINAVIAN PAISLEY PICNIC BAG', 'PINK VINTAGE PAISLEY PICNIC BAG'})"
0.011954823981737354,"frozenset({'REGENCY CAKESTAND 3 TIER', 'PARTY BUNTING'})"
0.011113781088549803,"frozenset({'PARTY BUNTING', 'ASSORTED COLOUR BIRD ORNAMENT'})"
0.016160038447675117,"frozenset({'WHITE HANGING HEART T-LIGHT HOLDER', 'PARTY BUNTING'})"
0.010272738195362249,"frozenset({'PARTY BUNTING', 'JUMBO BAG RED RETROSPOT'})"
0.012675717890183827,"frozenset({'SMALL DOLLY MIX DESIGN ORANGE BOWL', 'SMALL MARSHMALLOWS PINK BOWL'})"
0.024270094917697944,"frozenset({'GREEN REGENCY TEACUP AND SAUCER', 'PINK REGENCY TEACUP AND SAUCER'})"
0.01591974047819296,"frozenset({'REGENCY CAKESTAND 3 TIER', 'PINK REGENCY TEACUP AND SAUCER'})"
0.023008530577916617,"frozenset({'PINK REGENCY TEACUP AND SAUCER', 'ROSES REGENCY TEACUP AND SAUCER '})"
0.013817133245224078,"frozenset({'GREEN REGENCY TEACUP AND SAUCER', 'REGENCY CAKESTAND 3 TIER', 'PINK REGENCY TEACUP AND SAUCER'})"
0.01351676078337138,"frozenset({'REGENCY CAKESTAND 3 TIER', 'PINK REGENCY TEACUP AND SAUCER', 'ROSES REGENCY TEACUP AND SAUCER '})"
0.012135047458848972,"frozenset({'GREEN REGENCY TEACUP AND SAUCER', 'REGENCY CAKESTAND 3 TIER', 'PINK REGENCY TEACUP AND SAUCER', 'ROSES REGENCY TEACUP AND SAUCER '})"
0.020485401898353958,"frozenset({'GREEN REGENCY TEACUP AND SAUCER', 'PINK REGENCY TEACUP AND SAUCER', 'ROSES REGENCY TEACUP AND SAUCER '})"
0.011173855580920341,"frozenset({'WHITE HANGING HEART T-LIGHT HOLDER', 'SET OF 3 CAKE TINS PANTRY DESIGN '})"
0.010272738195362249,"frozenset({'REGENCY CAKESTAND 3 TIER', 'SET OF 3 CAKE TINS PANTRY DESIGN '})"
0.016340261924786735,"frozenset({'SET OF 6 SPICE TINS PANTRY DESIGN', 'SET OF 3 CAKE TINS PANTRY DESIGN '})"
0.010813408626697104,"frozenset({'SET OF 3 CAKE TINS PANTRY DESIGN ', 'SET OF 4 PANTRY JELLY MOULDS'})"
0.024630541871921183,"frozenset({'LUNCH BAG RED RETROSPOT', 'LUNCH BAG SUKI DESIGN '})"
0.021807040730505826,"frozenset({'LUNCH BAG CARS BLUE', 'LUNCH BAG SUKI DESIGN '})"
0.020905923344947737,"frozenset({'LUNCH BAG SUKI DESIGN ', 'LUNCH BAG SPACEBOY DESIGN '})"
0.020004805959389645,"frozenset({'LUNCH BAG PINK POLKADOT', 'LUNCH BAG SUKI DESIGN '})"
0.02360927550162201,"frozenset({'LUNCH BAG SUKI DESIGN ', 'LUNCH BAG  BLACK SKULL.'})"
0.012916015859665985,"frozenset({'JUMBO BAG RED RETROSPOT', 'LUNCH BAG SUKI DESIGN '})"
0.010693259641956025,"frozenset({'WHITE HANGING HEART T-LIGHT HOLDER', 'LUNCH BAG SUKI DESIGN '})"
0.012976090352036526,"frozenset({'LUNCH BAG RED RETROSPOT', 'LUNCH BAG CARS BLUE', 'LUNCH BAG SUKI DESIGN '})"
0.012855941367295447,"frozenset({'LUNCH BAG CARS BLUE', 'LUNCH BAG SUKI DESIGN ', 'LUNCH BAG  BLACK SKULL.'})"
0.012615643397813289,"frozenset({'LUNCH BAG RED RETROSPOT', 'LUNCH BAG SUKI DESIGN ', 'LUNCH BAG SPACEBOY DESIGN '})"
0.011474228042773038,"frozenset({'LUNCH BAG SUKI DESIGN ', 'LUNCH BAG CARS BLUE', 'LUNCH BAG SPACEBOY DESIGN '})"
0.01243541992070167,"frozenset({'LUNCH BAG SUKI DESIGN ', 'LUNCH BAG SPACEBOY DESIGN ', 'LUNCH BAG  BLACK SKULL.'})"
0.013937282229965157,"frozenset({'LUNCH BAG PINK POLKADOT', 'LUNCH BAG RED RETROSPOT', 'LUNCH BAG SUKI DESIGN '})"
0.0114141535504025,"frozenset({'LUNCH BAG PINK POLKADOT', 'LUNCH BAG CARS BLUE', 'LUNCH BAG SUKI DESIGN '})"
0.012855941367295447,"frozenset({'LUNCH BAG PINK POLKADOT', 'LUNCH BAG SUKI DESIGN ', 'LUNCH BAG  BLACK SKULL.'})"
0.014477952661300012,"frozenset({'LUNCH BAG RED RETROSPOT', 'LUNCH BAG SUKI DESIGN ', 'LUNCH BAG  BLACK SKULL.'})"
0.014898474107893788,"frozenset({'JUMBO BAG SCANDINAVIAN BLUE PAISLEY', 'JUMBO BAG RED RETROSPOT'})"
0.013336537306259761,"frozenset({'JUMBO BAG SCANDINAVIAN BLUE PAISLEY', 'JUMBO BAG PINK VINTAGE PAISLEY'})"
0.010573110657214946,"frozenset({'JUMBO BAG SCANDINAVIAN BLUE PAISLEY', 'JUMBO BAG PINK POLKADOT'})"
0.011113781088549803,"frozenset({'JUMBO BAG SCANDINAVIAN BLUE PAISLEY', 'JUMBO SHOPPER VINTAGE RED PAISLEY'})"
0.020004805959389645,"frozenset({'LUNCH BAG APPLE DESIGN', 'LUNCH BAG RED RETROSPOT'})"
0.016099963955304577,"frozenset({'LUNCH BAG APPLE DESIGN', 'LUNCH BAG CARS BLUE'})"
0.019764507989907486,"frozenset({'LUNCH BAG APPLE DESIGN', 'LUNCH BAG SUKI DESIGN '})"
0.01585966598582242,"frozenset({'LUNCH BAG APPLE DESIGN', 'LUNCH BAG SPACEBOY DESIGN '})"
0.011774600504625737,"frozenset({'LUNCH BAG APPLE DESIGN', 'JUMBO BAG RED RETROSPOT'})"
0.01814249669590292,"frozenset({'LUNCH BAG APPLE DESIGN', 'LUNCH BAG  BLACK SKULL.'})"
0.016039889462934036,"frozenset({'LUNCH BAG APPLE DESIGN', 'LUNCH BAG PINK POLKADOT'})"
0.01015258921062117,"frozenset({'LUNCH BAG APPLE DESIGN', 'LUNCH BAG CARS BLUE', 'LUNCH BAG SUKI DESIGN '})"
0.011774600504625737,"frozenset({'LUNCH BAG APPLE DESIGN', 'LUNCH BAG RED RETROSPOT', 'LUNCH BAG SUKI DESIGN '})"
0.01021266370299171,"frozenset({'LUNCH BAG APPLE DESIGN', 'LUNCH BAG RED RETROSPOT', 'LUNCH BAG SPACEBOY DESIGN '})"
0.011654451519884658,"frozenset({'LUNCH BAG APPLE DESIGN', 'LUNCH BAG SUKI DESIGN ', 'LUNCH BAG  BLACK SKULL.'})"
0.011594377027514117,"frozenset({'LUNCH BAG APPLE DESIGN', 'LUNCH BAG RED RETROSPOT', 'LUNCH BAG  BLACK SKULL.'})"
0.010573110657214946,"frozenset({'LUNCH BAG APPLE DESIGN', 'LUNCH BAG PINK POLKADOT', 'LUNCH BAG RED RETROSPOT'})"
0.010813408626697104,"frozenset({'JUMBO BAG ALPHABET', 'JUMBO STORAGE BAG SUKI'})"
0.01676078337138051,"frozenset({'JUMBO BAG ALPHABET', 'JUMBO BAG RED RETROSPOT'})"
0.0114141535504025,"frozenset({'JUMBO BAG ALPHABET', 'JUMBO BAG PINK POLKADOT'})"
0.014477952661300012,"frozenset({'JUMBO BAG ALPHABET', 'JUMBO BAG VINTAGE LEAF'})"
0.015318995554487565,"frozenset({'LUNCH BAG APPLE DESIGN', 'JUMBO BAG APPLES'})"
0.015258921062117025,"frozenset({'JUMBO BAG ALPHABET', 'JUMBO BAG APPLES'})"
0.010753334134326565,"frozenset({'JUMBO STORAGE BAG SUKI', 'JUMBO BAG APPLES'})"
0.010573110657214946,"frozenset({'LUNCH BAG RED RETROSPOT', 'JUMBO BAG APPLES'})"
0.018803316111978854,"frozenset({'JUMBO BAG RED RETROSPOT', 'JUMBO BAG APPLES'})"
0.01243541992070167,"frozenset({'JUMBO BAG PINK POLKADOT', 'JUMBO BAG APPLES'})"
0.015559293523969722,"frozenset({'JUMBO BAG VINTAGE LEAF', 'JUMBO BAG APPLES'})"
0.016460410909527816,"frozenset({'LUNCH BAG APPLE DESIGN', 'LUNCH BAG ALPHABET DESIGN'})"
0.014357803676558933,"frozenset({'LUNCH BAG ALPHABET DESIGN', 'LUNCH BAG RED RETROSPOT'})"
0.013156313829148144,"frozenset({'LUNCH BAG ALPHABET DESIGN', 'LUNCH BAG CARS BLUE'})"
0.012735792382554368,"frozenset({'LUNCH BAG ALPHABET DESIGN', 'JUMBO BAG ALPHABET'})"
0.014357803676558933,"frozenset({'LUNCH BAG ALPHABET DESIGN', 'LUNCH BAG SUKI DESIGN '})"
0.013396611798630302,"frozenset({'LUNCH BAG ALPHABET DESIGN', 'LUNCH BAG SPACEBOY DESIGN '})"
0.013997356722335695,"frozenset({'LUNCH BAG ALPHABET DESIGN', 'LUNCH BAG  BLACK SKULL.'})"
0.012615643397813289,"frozenset({'LUNCH BAG ALPHABET DESIGN', 'LUNCH BAG PINK POLKADOT'})"
0.010933557611438183,"frozenset({'LUNCH BAG ALPHABET DESIGN', 'LUNCH BAG WOODLAND'})"
0.010513036164844407,"frozenset({'RED RETROSPOT CHARLOTTE BAG', 'CHARLOTTE BAG APPLES DESIGN'})"
0.01363690976811246,"frozenset({'LUNCH BAG ALPHABET DESIGN', 'LUNCH BAG VINTAGE LEAF DESIGN'})"
0.01676078337138051,"frozenset({'LUNCH BAG APPLE DESIGN', 'LUNCH BAG VINTAGE LEAF DESIGN'})"
0.014958548600264328,"frozenset({'LUNCH BAG RED RETROSPOT', 'LUNCH BAG VINTAGE LEAF DESIGN'})"
0.014297729184188394,"frozenset({'LUNCH BAG VINTAGE LEAF DESIGN', 'LUNCH BAG SUKI DESIGN '})"
0.01243541992070167,"frozenset({'LUNCH BAG VINTAGE LEAF DESIGN', 'LUNCH BAG SPACEBOY DESIGN '})"
0.014357803676558933,"frozenset({'LUNCH BAG VINTAGE LEAF DESIGN', 'LUNCH BAG  BLACK SKULL.'})"
0.011474228042773038,"frozenset({'LUNCH BAG CARS BLUE', 'LUNCH BAG VINTAGE LEAF DESIGN'})"
0.0114141535504025,"frozenset({'LUNCH BAG PINK POLKADOT', 'LUNCH BAG VINTAGE LEAF DESIGN'})"
0.010573110657214946,"frozenset({'LUNCH BAG WOODLAND', 'LUNCH BAG VINTAGE LEAF DESIGN'})"
0.0114141535504025,"frozenset({'JUMBO BAG VINTAGE LEAF', 'LUNCH BAG VINTAGE LEAF DESIGN'})"
0.02156674276102367,"frozenset({'SPOTTY BUNTING', 'PARTY BUNTING'})"
0.01033281268773279,"frozenset({'LUNCH BAG APPLE DESIGN', 'LUNCH BAG DOILEY PATTERN '})"
0.01676078337138051,"frozenset({'JUMBO BAG PEARS', 'JUMBO BAG APPLES'})"
0.01351676078337138,"frozenset({'JUMBO BAG VINTAGE LEAF', 'JUMBO BAG PEARS'})"
0.011173855580920341,"frozenset({'JUMBO BAG RED RETROSPOT', 'JUMBO BAG PEARS'})"
0.010392887180103328,"frozenset({'JUMBO BAG VINTAGE LEAF', 'JUMBO BAG PEARS', 'JUMBO BAG APPLES'})"
0.01129400456566142,"frozenset({'JUMBO BAG DOILEY PATTERNS', 'LUNCH BAG DOILEY PATTERN '})"
0.011173855580920341,"frozenset({'JUMBO BAG VINTAGE LEAF', 'JUMBO BAG DOILEY PATTERNS'})"
0.019464135528054788,"frozenset({'JUMBO BAG VINTAGE LEAF', 'JUMBO BAG RED RETROSPOT'})"
0.011534302535143579,"frozenset({'JUMBO BAG VINTAGE LEAF', 'JUMBO BAG PINK POLKADOT'})"
0.011354079058031959,"frozenset({'JUMBO BAG VINTAGE LEAF', 'JUMBO STORAGE BAG SUKI'})"
0.011954823981737354,"frozenset({'JUMBO BAG VINTAGE LEAF', 'JUMBO SHOPPER VINTAGE RED PAISLEY'})"
0.010272738195362249,"frozenset({'JUMBO BAG VINTAGE LEAF', 'LUNCH BAG RED RETROSPOT'})"
0.011534302535143579,"frozenset({'REGENCY TEA PLATE GREEN ', 'REGENCY TEA PLATE ROSES '})"
0.027514117505707078,"frozenset({'GARDENERS KNEELING PAD KEEP CALM ', 'GARDENERS KNEELING PAD CUP OF TEA '})"
0.010813408626697104,"frozenset({'SET OF TEA COFFEE SUGAR TINS PANTRY', 'SET OF 3 CAKE TINS PANTRY DESIGN '})"
0.010993632103808723,"frozenset({'REGENCY CAKESTAND 3 TIER', 'SET OF 3 REGENCY CAKE TINS'})"
0.011714526012255196,"frozenset({'HEART OF WICKER SMALL', 'SMALL WHITE HEART OF WICKER'})"
0.01021266370299171,"frozenset({'WHITE HANGING HEART T-LIGHT HOLDER', 'SMALL WHITE HEART OF WICKER'})"
0.01033281268773279,"frozenset({'SET OF 3 WOODEN HEART DECORATIONS', 'SET OF 3 WOODEN STOCKING DECORATION'})"
0.01033281268773279,"frozenset({'SET OF 3 WOODEN TREE DECORATIONS', 'SET OF 3 WOODEN STOCKING DECORATION'})"
0.016640634386639434,"frozenset({'LARGE WHITE HEART OF WICKER', 'SMALL WHITE HEART OF WICKER'})"
0.011474228042773038,"frozenset({'LARGE WHITE HEART OF WICKER', 'HEART OF WICKER LARGE'})"
0.014177580199447315,"frozenset({'JUMBO BAG VINTAGE CHRISTMAS ', ""JUMBO BAG 50'S CHRISTMAS ""})"
0.010633185149585486,"frozenset({""JUMBO BAG 50'S CHRISTMAS "", ""PAPER CHAIN KIT 50'S CHRISTMAS ""})"
0.012135047458848972,"frozenset({'SET OF 12 FAIRY CAKE BAKING CASES', 'SET OF 12 MINI LOAF BAKING CASES'})"
0.010452961672473868,"frozenset({'SET OF 6 TEA TIME BAKING CASES', 'SET OF 12 FAIRY CAKE BAKING CASES'})"
0.010092514718250631,"frozenset({'SET OF 6 SNACK LOAF BAKING CASES', 'SET OF 12 FAIRY CAKE BAKING CASES'})"
0.01591974047819296,"frozenset({'JUMBO BAG VINTAGE DOILY ', 'JUMBO BAG RED RETROSPOT'})"
0.012555568905442748,"frozenset({'JUMBO BAG VINTAGE LEAF', 'JUMBO BAG VINTAGE DOILY '})"
0.01363690976811246,"frozenset({'LUNCH BAG RED RETROSPOT', 'LUNCH BAG VINTAGE DOILY '})"
0.012074972966478434,"frozenset({'JUMBO BAG VINTAGE DOILY ', 'LUNCH BAG VINTAGE DOILY '})"
0.011474228042773038,"frozenset({'LUNCH BAG VINTAGE DOILY ', 'LUNCH BAG  BLACK SKULL.'})"
0.010693259641956025,"frozenset({'LUNCH BAG VINTAGE DOILY ', 'LUNCH BAG SUKI DESIGN '})"
0.010092514718250631,"frozenset({'LUNCH BAG VINTAGE DOILY ', 'LUNCH BAG SPACEBOY DESIGN '})"
0.01003244022588009,"frozenset({'LUNCH BAG PINK POLKADOT', 'LUNCH BAG VINTAGE DOILY '})"
0.010272738195362249,"frozenset({'LUNCH BAG APPLE DESIGN', 'LUNCH BAG VINTAGE DOILY '})"
0.012615643397813289,"frozenset({'LOVE HOT WATER BOTTLE', 'HOT WATER BOTTLE KEEP CALM'})"
0.010813408626697104,"frozenset({'HAND WARMER UNION JACK', 'HAND WARMER RED LOVE HEART'})"
0.012014898474107893,"frozenset({'HAND WARMER OWL DESIGN', 'HAND WARMER RED LOVE HEART'})"
0.010633185149585486,"frozenset({'HAND WARMER SCOTTY DOG DESIGN', 'HAND WARMER RED LOVE HEART'})"
